"Aachen, North Rhine-Westphalia, Germany"
"Abbotsford, British Columbia, Canada"
"Aberdeen, Grampian, United Kingdom"
"Abilene, Texas, United States"
"Abucay, Bataan, Philippines"
"Abulug, Cagayan, Philippines"
"Abuyog, Leyte, Philippines"
"Acacu00edas, Meta, Colombia"
"Acapulco de Juu00e1rez, Guerrero, Mexico"
"Acapulco de Juu00e1rez, Guerrero, Mexico, Mexico"
"Adelaide, South Australia, Australia"
"Adelaide, South Australia, Australia, China"
"Adelaide, South Australia, Australia, Japan"
"Agdangan, Quezon, Philippines"
"Agno, Pangasinan, Philippines"
"Agoncillo, Batangas, Philippines"
"Agoo, La Union, Philippines"
"Agua Prieta, Sonora, Mexico"
"Aguachica, Cesar, Colombia"
"Aguascalientes, Aguascalientes, Mexico"
"Aguascalientes, Aguascalientes, Mexico, Aguascalientes, Mexico"
"Aguascalientes, Aguascalientes, Mexico, Mexico"
"Aguazul, Casanare, Colombia"
"Aguilar, Pangasinan, Philippines"
"Agustu00edn Codazzi, Cesar, Colombia"
"Ahmadu0101bu0101d, Gujarat, India"
"Ahmadu0101bu0101d, Gujarat, India, India"
"Aiken, South Carolina, United States"
"Aix-en-Provence, Alpes-Cu00f4te dAzur, France"
"Ajmer, Rajasthan, India"
"Ajuy, Iloilo, Philippines"
"Akron, Ohio, United States"
"Alabaster, Alabama, United States"
"Alabat, Quezon, Philippines"
"Alabel, Sarangani, Philippines"
"Alagoinhas, Bahia, Brazil"
"Alamada, Cotabato, Philippines"
"Alameda, California, United States"
"Alaminos, Laguna, Philippines"
"Alaminos, Pangasinan, Philippines"
"Alamogordo, New Mexico, United States"
"Alangalang, Leyte, Philippines"
"Albany, Georgia, United States"
"Albany, New York, United States"
"Albuera, Leyte, Philippines"
"Albuquerque, New Mexico, United States"
"Alburquerque, Bohol, Philippines"
"Alcala, Cagayan, Philippines"
"Alcala, Pangasinan, Philippines"
"Alcantara, Cebu, Philippines"
"Alcantara, Romblon, Philippines"
"Alcoy, Cebu, Philippines"
"Alegria, Cebu, Philippines"
"Alegria, Surigao del Norte, Philippines"
"Alexandria, Louisiana, United States"
"Alexandria, Virginia, United States"
"Alfonso, Cavite, Philippines"
"Alhambra, California, United States"
"Aliaga, Nueva Ecija, Philippines"
"Alicia, Bohol, Philippines"
"Alicia, Isabela, Philippines"
"Alimodian, Iloilo, Philippines"
"Alitagtag, Batangas, Philippines"
"Allacapan, Cagayan, Philippines"
"Allahu0101bu0101d, Uttar Pradesh, India"
"Allen, Northern Samar, Philippines"
"Allentown, Pennsylvania, United States"
"Almagro, Samar, Philippines"
"Almeria, Biliran, Philippines"
"Aloguinsan, Cebu, Philippines"
"Aloran, Misamis Occidental, Philippines"
"Alpharetta, Georgia, United States"
"Altamonte Springs, Florida, United States"
"Altavas, Aklan, Philippines"
"Altoona, Pennsylvania, United States"
"Alu012bgarh, Uttar Pradesh, India"
"Alubijid, Misamis Oriental, Philippines"
"Alvorada, Rio Grande do Sul, Brazil"
"Alwar, Rajasthan, India"
"Amadeo, Cavite, Philippines"
"Amarillo, Texas, United States"
"Ambala, Haryana, India"
"Americana, Su00e3o Paulo, Brazil"
"Ames, Iowa, United States"
"Amiens, Picardie, France"
"Amlan, Negros Oriental, Philippines"
"Ampatuan, Maguindanao, Philippines"
"Amritsar, Punjab, India"
"An Duong, Hu1ea3i Phu00f2ng, Vietnam"
"Anahawan, Southern Leyte, Philippines"
"Anaheim, California, United States"
"Ananindeua, Paru00e1, Brazil"
"Anchorage, Alaska, United States"
"Anda, Bohol, Philippines"
"Anda, Pangasinan, Philippines"
"Anderson, Indiana, United States"
"Anderson, South Carolina, United States"
"Andes, Antioquia, Colombia"
"Angat, Bulacan, Philippines"
"Angeles, Pampanga, Philippines"
"Angers, Pays de la Loire, France"
"Angono, Rizal, Philippines"
"Angoulu00eame, Poitou-Charentes, France"
"Angra dos Reis, Rio de Janeiro, Brazil"
"Anilao, Iloilo, Philippines"
"Anini-y, Antique, Philippines"
"Ann Arbor, Michigan, United States"
"Annandale, Virginia, United States"
"Annapolis, Maryland, United States"
"Annecy, Rhu00f4ne-Alpes, France"
"Annemasse, Rhu00f4ne-Alpes, France"
"Anniston, Alabama, United States"
"Anqing, Anhui, China"
"Anshan, Liaoning, China"
"Anshun, Guizhou, China"
"Antioch, California, United States"
"Antipas, Cotabato, Philippines"
"Antipolo, Rizal, Philippines"
"Anu00e1polis, Goiu00e1s, Brazil"
"Anyang, Henan, China"
"Ap Vinh Thanh, Cu1ea7n Thu01a1, Vietnam"
"Apalit, Pampanga, Philippines"
"Aparecida de Goiu00e1s, Goiu00e1s, Brazil"
"Aparri, Cagayan, Philippines"
"Apartadu00f3, Antioquia, Colombia"
"Apizaco, Tlaxcala, Mexico"
"Apodaca, Nuevo Leu00f3n, Mexico"
"Apopka, Florida, United States"
"Appleton, Wisconsin, United States"
"Apucarana, Parana, Brazil"
"Aracaju, Sergipe, Brazil"
"Aracaju, Sergipe, Brazil, Brazil"
"Araguau00edna, Tocantins, Brazil"
"Arapiraca, Alagoas, Brazil"
"Araraquara, Su00e3o Paulo, Brazil"
"Araras, Su00e3o Paulo, Brazil"
"Arau00e7atuba, Su00e3o Paulo, Brazil"
"Arauca, Arauca, Colombia"
"Araucu00e1ria, Parana, Brazil"
"Arayat, Pampanga, Philippines"
"Arcadia, California, United States"
"Argao, Cebu, Philippines"
"Aringay, La Union, Philippines"
"Aritao, Nueva Vizcaya, Philippines"
"Arlington, Texas, United States"
"Arlington, Virginia, United States"
"Armenia, Quindu00edo, Colombia"
"Armenia, Quindu00edo, Colombia, Colombia"
"Aroroy, Masbate, Philippines"
"Arvada, Colorado, United States"
"Aschaffenburg, Bavaria, Germany"
"Asheville, North Carolina, United States"
"Ashland, Kentucky, United States"
"Asingan, Pangasinan, Philippines"
"Asturias, Cebu, Philippines"
"Asuncion, Davao del Norte, Philippines"
"At Samat, Roi Et, Thailand"
"Athens, Georgia, United States"
"Atibaia, Su00e3o Paulo, Brazil"
"Atimonan, Quezon, Philippines"
"Atlanta, Georgia, United States"
"Atlanta, Georgia, United States, Brazil"
"Atlanta, Georgia, United States, China"
"Atlanta, Georgia, United States, Colombia"
"Atlanta, Georgia, United States, Dominican Republic"
"Atlanta, Georgia, United States, Japan"
"Atlanta, Georgia, United States, United States"
"Atlantic City, New Jersey, United States"
"Auburn, Alabama, United States"
"Auburn, Washington, United States"
"Augsburg, Bavaria, Germany"
"Augusta, Georgia, United States"
"Augusta, Maine, United States"
"Aurangu0101bu0101d, Maharashtra, India"
"Aurora, Colorado, United States"
"Aurora, Illinois, United States"
"Aurora, Isabela, Philippines"
"Aurora, Zamboanga del Sur, Philippines"
"Austin, Texas, United States"
"Austin, Texas, United States, Colombia"
"Austin, Texas, United States, Japan"
"Austin, Texas, United States, Mexico"
"Austin, Texas, United States, United States"
"Aventura, Florida, United States"
"Avignon, Alpes-Cu00f4te dAzur, France"
"Avondale, Arizona, United States"
"Ayungon, Negros Oriental, Philippines"
"Azua de Compostela, Azua, Dominican Republic"
"Ba Dinh, Hu00e0 Nu1ed9i, Vietnam"
"Ba Ria, Bu00e0 Ru1ecba-Vu0169ng Tu00e0u, Vietnam"
"Baao, Camarines Sur, Philippines"
"Babatngon, Leyte, Philippines"
"Babylon, New York, United States"
"Bac Giang, Bu1eafc Giang, Vietnam"
"Bac Lieu, Bu1ea1c Liu00eau, Vietnam"
"Bac Ninh, Bu1eafc Ninh, Vietnam"
"Bacacay, Albay, Philippines"
"Baclayon, Bohol, Philippines"
"Bacnotan, La Union, Philippines"
"Baco, Mindoro Oriental, Philippines"
"Bacolod, Lanao del Norte, Philippines"
"Bacolod, Negros Occidental, Philippines"
"Bacolor, Pampanga, Philippines"
"Bacong, Negros Oriental, Philippines"
"Bacoor, Cavite, Philippines"
"Bacuag, Surigao del Norte, Philippines"
"Badian, Cebu, Philippines"
"Bagabag, Nueva Vizcaya, Philippines"
"Bagac, Bataan, Philippines"
"Baganga, Davao Oriental, Philippines"
"Baggao, Cagayan, Philippines"
"Bago, Negros Occidental, Philippines"
"Baguio, Benguet, Philippines"
"Bais, Negros Oriental, Philippines"
"Bajos de Haina, San Cristu00f3bal, Dominican Republic"
"Bakersfield, California, United States"
"Balagtas, Bulacan, Philippines"
"Balamban, Cebu, Philippines"
"Balanga, Bataan, Philippines"
"Balangiga, Eastern Samar, Philippines"
"Balaoan, La Union, Philippines"
"Balasan, Iloilo, Philippines"
"Balatan, Camarines Sur, Philippines"
"Balayan, Batangas, Philippines"
"Baleno, Masbate, Philippines"
"Baler, Aurora, Philippines"
"Balete, Aklan, Philippines"
"Baliangao, Misamis Occidental, Philippines"
"Baliguian, Zamboanga del Norte, Philippines"
"Balingasag, Misamis Oriental, Philippines"
"Balingoan, Misamis Oriental, Philippines"
"Baliuag, Bulacan, Philippines"
"Ballesteros, Cagayan, Philippines"
"Baltimore, Maryland, United States"
"Baltimore, Maryland, United States, Brazil"
"Baltimore, Maryland, United States, Dominican Republic"
"Baltimore, Maryland, United States, United States"
"Balud, Masbate, Philippines"
"Balungao, Pangasinan, Philippines"
"Bamban, Tarlac, Philippines"
"Bambang, Nueva Vizcaya, Philippines"
"Bamnet Narong, Chaiyaphum, Thailand"
"Ban Bueng, Chon Buri, Thailand"
"Ban Chang, Rayong, Thailand"
"Ban Dan, Buriram, Thailand"
"Ban Dung, Udon Thani, Thailand"
"Ban Fang, Khon Kaen, Thailand"
"Ban Haet, Khon Kaen, Thailand"
"Ban Khai, Rayong, Thailand"
"Ban Khwao, Chaiyaphum, Thailand"
"Ban Kruat, Buriram, Thailand"
"Ban Lat, Petchburi Province, Thailand"
"Ban Lueam, Nakhon Ratchasima, Thailand"
"Ban Mi, Lop Buri, Thailand"
"Ban Phaeng, Nakhon Phanom, Thailand"
"Ban Phai, Khon Kaen, Thailand"
"Ban Pho, Chachoengsao, Thailand"
"Ban Phue, Udon Thani, Thailand"
"Ban Pong, Ratchaburi, Thailand"
"Ban Rai, Uthai Thani, Thailand"
"Ban Tak, Tak, Thailand"
"Ban Thaen, Chaiyaphum, Thailand"
"Banate, Iloilo, Philippines"
"Banay-Banay, Davao Oriental, Philippines"
"Bang Bo, Samut Prakan, Thailand"
"Bang Bon, Bangkok, Thailand"
"Bang Kapi, Bangkok, Thailand"
"Bang Khae, Bangkok, Thailand"
"Bang Khen, Bangkok, Thailand"
"Bang Khla, Chachoengsao, Thailand"
"Bang Kho Laem, Bangkok, Thailand"
"Bang Khun Thian, Bangkok, Thailand"
"Bang Krathum, Phitsanulok, Thailand"
"Bang Lamung, Chon Buri, Thailand"
"Bang Na, Bangkok, Thailand"
"Bang Pa-in, Phra Nakhon Si Ayutthaya, Thailand"
"Bang Pakong, Chachoengsao, Thailand"
"Bang Phlat, Bangkok, Thailand"
"Bang Phli, Samut Prakan, Thailand"
"Bang Rak, Bangkok, Thailand"
"Bang Rakam, Phitsanulok, Thailand"
"Bang Sai, Phra Nakhon Si Ayutthaya, Thailand"
"Bang Saphan, Prachuap Khiri Khan, Thailand"
"Bang Sue, Bangkok, Thailand"
"Banga, Aklan, Philippines"
"Bangalore, Karnataka, India"
"Bangalore, Karnataka, India, India"
"Bangar, La Union, Philippines"
"Bangkok Noi, Bangkok, Thailand"
"Bangkok Yai, Bangkok, Thailand"
"Bangor, Maine, United States"
"Bangued, Abra, Philippines"
"Bani, Pangasinan, Philippines"
"Bani, Peravia, Dominican Republic"
"Banphot Phisai, Nakhon Sawan, Thailand"
"Bansalan, Davao del Sur, Philippines"
"Bansud, Mindoro Oriental, Philippines"
"Bantay, Ilocos Sur, Philippines"
"Bantayan, Cebu, Philippines"
"Bao Lam, Lu00e2m u00d0u1ed3ng, Vietnam"
"Bao Loc, Lu00e2m u00d0u1ed3ng, Vietnam"
"Baoding, Hebei, China"
"Baoji, Shaanxi, China"
"Baotou, Nei Mongol, China"
"Baras, Rizal, Philippines"
"Barbacena, Minas Gerais, Brazil"
"Barbasa, Antique, Philippines"
"Barbosa, Santander, Colombia"
"Bareilly, Uttar Pradesh, India"
"Barili, Cebu, Philippines"
"Barnet, London (Greater), United Kingdom"
"Barnstable, Massachusetts, United States"
"Barobo, Surigao del Sur, Philippines"
"Barotac Nuevo, Iloilo, Philippines"
"Barotac Viejo, Iloilo, Philippines"
"Baroy, Lanao del Norte, Philippines"
"Barra Mansa, Rio de Janeiro, Brazil"
"Barrancabermeja, Santander, Colombia"
"Barrancabermeja, Santander, Colombia, Colombia"
"Barranquilla, Atlu00e1ntico, Colombia"
"Barranquilla, Atlu00e1ntico, Colombia, Colombia"
"Barranquilla, Atlu00e1ntico, Colombia, United States"
"Barreiras, Bahia, Brazil"
"Barretos, Su00e3o Paulo, Brazil"
"Barrie, Ontario, Canada"
"Barueri, Su00e3o Paulo, Brazil"
"Barugo, Leyte, Philippines"
"Basay, Negros Oriental, Philippines"
"Basco, Batanes, Philippines"
"Basey, Samar, Philippines"
"Basilisa, Dinagat Islands, Philippines"
"Basingstoke, Hampshire, United Kingdom"
"Basista, Pangasinan, Philippines"
"Basud, Camarines Norte, Philippines"
"Batac, Ilocos Norte, Philippines"
"Batad, Iloilo, Philippines"
"Batan, Aklan, Philippines"
"Batangas, Batangas, Philippines"
"Bath, Avon, United Kingdom"
"Bato, Camarines Sur, Philippines"
"Batog, Leyte, Philippines"
"Baton Rouge, Louisiana, United States"
"Battle Creek, Michigan, United States"
"Bau00f1ga, South Cotabato, Philippines"
"Bauan, Batangas, Philippines"
"Bauang, La Union, Philippines"
"Baungon, Bukidnon, Philippines"
"Bauru, Su00e3o Paulo, Brazil"
"Bautista, Pangasinan, Philippines"
"Bay, Laguna, Philippines"
"Bayambang, Pangasinan, Philippines"
"Bayawan, Negros Oriental, Philippines"
"Baybay, Leyte, Philippines"
"Bayog, Zamboanga del Sur, Philippines"
"Bayombong, Nueva Vizcaya, Philippines"
"Bayonne, Aquitaine, France"
"Bayonne, New Jersey, United States"
"Baytown, Texas, United States"
"Bayugan, Agusan del Sur, Philippines"
"Bazhong, Sichuan, China"
"Beaufort, South Carolina, United States"
"Beaumont, Texas, United States"
"Beaverton, Oregon, United States"
"Bedford, Bedfordshire, United Kingdom"
"Beihai, Guangxi, China"
"Beijing, Beijing, China"
"Beijing, Beijing, China, Beijing, China"
"Beijing, Beijing, China, China"
"Beijing, Beijing, China, United States"
"Belfast, County Antrim, United Kingdom"
"Belfort Roxo, Rio de Janeiro, Brazil"
"Belleville, Illinois, United States"
"Bellevue, Washington, United States"
"Bellingham, Washington, United States"
"Bello, Antioquia, Colombia"
"Bello, Antioquia, Colombia, Colombia"
"Belo Horizonte, Minas Gerais, Brazil"
"Belo Horizonte, Minas Gerais, Brazil, Brazil"
"Belo Horizonte, Minas Gerais, Brazil, Minas Gerais, Brazil"
"Belu00e9m, Paru00e1, Brazil"
"Belu00e9m, Paru00e1, Brazil, Brazil"
"Ben Cat, Bu00ecnh Du01b0u01a1ng, Vietnam"
"Ben Luc, Long An, Vietnam"
"Ben Tre, Bu1ebfn Tre, Vietnam"
"Bend, Oregon, United States"
"Benemu00e9rita de San Cristu00f3bal, San Cristu00f3bal, Dominican Republic"
"Bengaluru, Karnataka, India"
"Bentonville, Arkansas, United States"
"Benxi, Liaoning, China"
"Bergenfield, New Jersey, United States"
"Berkeley, California, United States"
"Berlin, Berlin, Germany"
"Berlin, Berlin, Germany, Germany"
"Berlin, Berlin, Germany, Japan"
"Besanu00e7on, Franche-Comtu00e9, France"
"Bethlehem, Pennsylvania, United States"
"Betim, Minas Gerais, Brazil"
"Beverly Hills, California, United States"
"Bharuch, Gujarat, India"
"Bhatinda, Punjab, India"
"Bhilai, Chhattisgarh, India"
"Bhopu0101l, Madhya Pradesh, India"
"Bhubaneshwar, Orissa, India"
"Bielefeld, North Rhine-Westphalia, Germany"
"Bien Hoa, u00d0u1ed3ng Nai, Vietnam"
"Bien Unido, Bohol, Philippines"
"Bijie, Guizhou, China"
"Bilar, Bohol, Philippines"
"Biliran, Biliran, Philippines"
"Billings, Montana, United States"
"Biloxi, Mississippi, United States"
"Binalbagan, Negros Occidental, Philippines"
"Binalonan, Pangasinan, Philippines"
"Binangonan, Rizal, Philippines"
"Bindoy, Negros Oriental, Philippines"
"Binghamton, New York, United States"
"Binh Chanh, Hu1ed3 Chu00ed Minh, Vietnam"
"Binh Long, Bu00ecnh Phu01b0u1edbc, Vietnam"
"Binh Thanh, Hu1ed3 Chu00ed Minh, Vietnam"
"Binh Thuy, Cu1ea7n Thu01a1, Vietnam"
"Binmaley, Pangasinan, Philippines"
"Binzhou, Shandong, China"
"Birigui, Su00e3o Paulo, Brazil"
"Birmingham, Alabama, United States"
"Birmingham, West Midlands, United Kingdom"
"Birmingham, West Midlands, United Kingdom, United Kingdom"
"Bislig, Surigao del Sur, Philippines"
"Bismarck, North Dakota, United States"
"Biu00f1an, Laguna, Philippines"
"Blackpool, Lancashire, United Kingdom"
"Blacksburg, Virginia, United States"
"Bloomington, Illinois, United States"
"Bloomington, Indiana, United States"
"Blumenau, Santa Catarina, Brazil"
"Blumenau, Santa Catarina, Brazil, Brazil"
"Bo Phloi, Kanchanaburi, Thailand"
"Boa Vista, Rondu00f4nia, Brazil"
"Boa Vista, Roraima, Brazil"
"Boac, Marinduque, Philippines"
"Bobon, Northern Samar, Philippines"
"Boca Chica, Distrito Nacional, Dominican Republic"
"Boca Chica, Santo Domingo, Dominican Republic"
"Boca del Ru00edo, Veracruz, Mexico"
"Boca Raton, Florida, United States"
"Bocaue, Bulacan, Philippines"
"Bochum, North Rhine-Westphalia, Germany"
"Bogo City, Cebu, Philippines"
"Bogotu00e1, Bogota, Colombia"
"Bogotu00e1, Bogota, Colombia, Bogota, Colombia"
"Bogotu00e1, Bogota, Colombia, Bogotu00e1, Bogota, Colombia"
"Bogotu00e1, Bogota, Colombia, Colombia"
"Bogotu00e1, Bogota, Colombia, Cundinamarca, Colombia"
"Bogotu00e1, Bogota, Colombia, United States"
"Boise, Idaho, United States"
"Boituva, Su00e3o Paulo, Brazil"
"Bolinao, Pangasinan, Philippines"
"Boljoon, Cebu, Philippines"
"Bolton, Manchester, United Kingdom"
"Bonao, Monseu00f1or Nouel, Dominican Republic"
"Bongabon, Nueva Ecija, Philippines"
"Bongabong, Mindoro Oriental, Philippines"
"Bonifacio, Misamis Occidental, Philippines"
"Bonita Springs, Florida, United States"
"Bonn, North Rhine-Westphalia, Germany"
"Bontoc, Southern Leyte, Philippines"
"Borabue, Maha Sarakham, Thailand"
"Borbon, Cebu, Philippines"
"Bordeaux, Aquitaine, France"
"Borongan, Eastern Samar, Philippines"
"Bose, Guangxi, China"
"Bossier City, Louisiana, United States"
"Boston, Davao Oriental, Philippines"
"Boston, Massachusetts, United States"
"Boston, Massachusetts, United States, Colombia"
"Boston, Massachusetts, United States, Dominican Republic"
"Boston, Massachusetts, United States, United States"
"Botolan, Zambales, Philippines"
"Botucatu, Su00e3o Paulo, Brazil"
"Boulder, Colorado, United States"
"Boulogne-Billancourt, u00cele-de-France, France"
"Bourges, Centre, France"
"Bournemouth, Dorset, United Kingdom"
"Bowie, Maryland, United States"
"Bowling Green, Kentucky, United States"
"Boynton Beach, Florida, United States"
"Bozeman, Montana, United States"
"Bradenton, Florida, United States"
"Bradford, West Yorkshire, United Kingdom"
"Braganu00e7a Paulista, Su00e3o Paulo, Brazil"
"Brampton, Ontario, Canada"
"Brandon, Florida, United States"
"Brasu00edlia, Distrito Federal, Brazil"
"Brasu00edlia, Distrito Federal, Brazil, Brazil"
"Brasu00edlia, Distrito Federal, Brazil, Distrito Federal, Brazil"
"Braulio E. Dujali, Davao del Norte, Philippines"
"Braunschweig, Lower Saxony, Germany"
"Bremen, Bremen, Germany"
"Bremerton, Washington, United States"
"Brent, London (Greater), United Kingdom"
"Brentwood, California, United States"
"Brentwood, New York, United States"
"Brest, Bretagne, France"
"Bricktown, New Jersey, United States"
"Bridgeport, Connecticut, United States"
"Brighton, East Sussex, United Kingdom"
"Brisbane, Queensland, Australia"
"Brisbane, Queensland, Australia, Australia"
"Brisbane, Queensland, Australia, China"
"Brisbane, Queensland, Australia, Japan"
"Bristol, Avon, United Kingdom"
"Bristol, Connecticut, United States"
"Brockton, Massachusetts, United States"
"Broken Arrow, Oklahoma, United States"
"Bromley, London (Greater), United Kingdom"
"Bromley, London (Greater), United Kingdom, United Kingdom"
"Brookes Point, Palawan, Philippines"
"Brookhaven, New York, United States"
"Brownsville, Texas, United States"
"Bryan, Texas, United States"
"Bu00e9ziers, Languedoc-Roussillon, France"
"Bua Yai, Nakhon Ratchasima, Thailand"
"Buachet, Surin, Thailand"
"Bucaramanga, Santander, Colombia"
"Bucaramanga, Santander, Colombia, Colombia"
"Bucaramanga, Santander, Colombia, Santander, Colombia"
"Buenaventura, Valle del Cauca, Colombia"
"Buenavista, Agusan del Norte, Philippines"
"Buenavista, Bohol, Philippines"
"Buenavista, Guimaras, Philippines"
"Buenavista, Marinduque, Philippines"
"Buenavista, Mu00e9xico, Mexico"
"Buenavista, Mu00e9xico, Mexico, Mexico"
"Bueng Kan, Nong Khai, Thailand"
"Bueng Khong Long, Nong Khai, Thailand"
"Bueng Kum, Bangkok, Thailand"
"Bueng Sam Phan, Phetchabun, Thailand"
"Bueng Samakkhi, Kamphaeng Phet, Thailand"
"Buffalo, New York, United States"
"Buga, Valle del Cauca, Colombia"
"Bugallon, Pangasinan, Philippines"
"Bugasong, Antique, Philippines"
"Buhi, Camarines Sur, Philippines"
"Bula, Camarines Sur, Philippines"
"Bulacan, Bulacan, Philippines"
"Bulan, Sorsogon, Philippines"
"Bunawan, Agusan del Sur, Philippines"
"Bunbury, Western Australia, Australia"
"Bundaberg, Queensland, Australia"
"Buntharik, Ubon Ratchathani, Thailand"
"Buon Ma Thuot, u00d0u1eafc Lu1eafk, Vietnam"
"Burauen, Leyte, Philippines"
"Burbank, California, United States"
"Burke, Virginia, United States"
"Burlington, Vermont, United States"
"Buruanga, Aklan, Philippines"
"Bustos, Bulacan, Philippines"
"Butuan City, Agusan del Norte, Philippines"
"Buug, Zamboanga Sibugay, Philippines"
"Byron Bay, New South Wales, Australia"
"Ca Mau, Cu00e0 Mau, Vietnam"
"Cabadbaran, Agusan del Norte, Philippines"
"Cabagan, Isabela, Philippines"
"Cabanatuan, Nueva Ecija, Philippines"
"Cabangan, Zambales, Philippines"
"Cabanglasan, Bukidnon, Philippines"
"Cabarroguis, Quirino, Philippines"
"Cabatuan, Iloilo, Philippines"
"Cabatuan, Isabela, Philippines"
"Cabiao, Nueva Ecija, Philippines"
"Cabo de Santo Agostinho, Pernambuco, Brazil"
"Cabo Frio, Rio de Janeiro, Brazil"
"Cabucgayan, Biliran, Philippines"
"Cabuyao, Laguna, Philippines"
"Cachoeirinha, Rio Grande do Sul, Brazil"
"Cachoeiro de Itapemirim, Espu00edrito Santo, Brazil"
"Cadiz, Negros Occidental, Philippines"
"Caen, Basse-Normandie, France"
"Cagayan de Oro, Misamis Oriental, Philippines"
"Cagayan de Oro, Misamis Oriental, Philippines, United States"
"Cagwait, Surigao del Sur, Philippines"
"Cai Be, Tiu1ec1n Giang, Vietnam"
"Cai Lay, Tiu1ec1n Giang, Vietnam"
"Cai Rang, Cu1ea7n Thu01a1, Vietnam"
"Caibiran, Biliran, Philippines"
"Cainta, Rizal, Philippines"
"Cairns, Queensland, Australia"
"Cairns, Queensland, Australia, Japan"
"Cajicu00e1, Cundinamarca, Colombia"
"Cajicu00e1, Cundinamarca, Colombia, Colombia"
"Cajidiocan, Romblon, Philippines"
"Calabanga, Camarines Sur, Philippines"
"Calaca, Batangas, Philippines"
"Calamba, Laguna, Philippines"
"Calamba, Misamis Occidental, Philippines"
"Calapan, Mindoro Oriental, Philippines"
"Calape, Bohol, Philippines"
"Calarcu00e1, Quindu00edo, Colombia"
"Calasiao, Pangasinan, Philippines"
"Calatagan, Batangas, Philippines"
"Calatrava, Negros Occidental, Philippines"
"Calauag, Quezon, Philippines"
"Calauan, Laguna, Philippines"
"Calayan, Cagayan, Philippines"
"Calbayog, Samar, Philippines"
"Calbiga, Samar, Philippines"
"Calcutta, West Bengal, India"
"Caldas, Antioquia, Colombia"
"Calgary, Alberta, Canada"
"Cali, Valle del Cauca, Colombia"
"Cali, Valle del Cauca, Colombia, Colombia"
"Cali, Valle del Cauca, Colombia, United States"
"Cali, Valle del Cauca, Colombia, Valle del Cauca, Colombia"
"Calicut, Kerala, India"
"Calinog, Iloilo, Philippines"
"Caloocan, Manila, Philippines"
"Calubian, Leyte, Philippines"
"Calumpit, Bulacan, Philippines"
"Cam Le, u00d0u00e0 Nu1eb5ng, Vietnam"
"Cam My, u00d0u1ed3ng Nai, Vietnam"
"Cam Pha, Quu1ea3ng Ninh, Vietnam"
"Cam Ranh, Khu00e1nh Hu00f2a, Vietnam"
"Camalaniugan, Cagayan, Philippines"
"Camalig, Albay, Philippines"
"Camaligan, Camarines Sur, Philippines"
"Camarajibe, Pernambuco, Brazil"
"Camau00e7ari, Bahia, Brazil"
"Cambridge, Cambridgeshire, United Kingdom"
"Cambridge, Massachusetts, United States"
"Camden, London (Greater), United Kingdom"
"Camden, New Jersey, United States"
"Camiling, Tarlac, Philippines"
"Campeche, Campeche, Mexico"
"Campeche, Campeche, Mexico, Mexico"
"Campina Grande, Parau00edba, Brazil"
"Campinas, Su00e3o Paulo, Brazil"
"Campinas, Su00e3o Paulo, Brazil, Brazil"
"Campo Grande, Mato Grosso do Sul, Brazil"
"Campo Grande, Mato Grosso do Sul, Brazil, Brazil"
"Campos, Rio de Janeiro, Brazil"
"Can Duoc, Long An, Vietnam"
"Can Gio, Hu1ed3 Chu00ed Minh, Vietnam"
"Canaman, Camarines Sur, Philippines"
"Canberra, Australian Capital Territory, Australia"
"Cancu00fan, Quintana Roo, Mexico"
"Cancu00fan, Quintana Roo, Mexico, Mexico"
"Candaba, Pampanga, Philippines"
"Candelaria, Quezon, Philippines"
"Candelaria, Valle del Cauca, Colombia"
"Candelaria, Zambales, Philippines"
"Candijay, Bohol, Philippines"
"Candon, Ilocos Sur, Philippines"
"Cangzhou, Hebei, China"
"Canlaon, Negros Oriental, Philippines"
"Cannes, Alpes-Cu00f4te dAzur, France"
"Canoas, Rio Grande do Sul, Brazil"
"Canterbury, Kent, United Kingdom"
"Cantilan, Surigao del Sur, Philippines"
"Canton, Georgia, United States"
"Canton, Michigan, United States"
"Canton, Ohio, United States"
"Cao Bang, Cao Bu1eb1ng, Vietnam"
"Cao Lanh, u00d0u1ed3ng Thu00e1p, Vietnam"
"Capas, Tarlac, Philippines"
"Cape Coral, Florida, United States"
"Cape Girardeau, Missouri, United States"
"Capoocan, Leyte, Philippines"
"Caraga, Davao Oriental, Philippines"
"Caramoan, Camarines Sur, Philippines"
"Carangola, Minas Gerais, Brazil"
"Carapicuu00edba, Su00e3o Paulo, Brazil"
"Carbondale, Illinois, United States"
"Carcar, Cebu, Philippines"
"Carcassonne, Languedoc-Roussillon, France"
"Cardiff, South Glamorgan, United Kingdom"
"Cardona, Rizal, Philippines"
"Carepa, Antioquia, Colombia"
"Carepa, Antioquia, Colombia, Colombia"
"Cariacica, Espu00edrito Santo, Brazil"
"Carigara, Leyte, Philippines"
"Carles, Iloilo, Philippines"
"Carlsbad, California, United States"
"Carlsbad, New Mexico, United States"
"Carmen, Agusan del Norte, Philippines"
"Carmen, Bohol, Philippines"
"Carmen, Cebu, Philippines"
"Carmen, Cotabato, Philippines"
"Carmen, Davao del Norte, Philippines"
"Carmen, Surigao del Sur, Philippines"
"Carmona, Cavite, Philippines"
"Carrascal, Surigao del Sur, Philippines"
"Carrollton, Texas, United States"
"Carson City, Nevada, United States"
"Carson, California, United States"
"Cartagena, Bolu00edvar, Colombia"
"Cartagena, Bolu00edvar, Colombia, Colombia"
"Cartago, Valle del Cauca, Colombia"
"Caruaru, Pernambuco, Brazil"
"Cary, North Carolina, United States"
"Casa Grande, Arizona, United States"
"Cascavel, Parana, Brazil"
"Casper, Wyoming, United States"
"Castanhal, Paru00e1, Brazil"
"Castilla, Sorsogon, Philippines"
"Castillejos, Zambales, Philippines"
"Cataiu00f1gan, Masbate, Philippines"
"Catanauan, Quezon, Philippines"
"Catanduva, Su00e3o Paulo, Brazil"
"Catarman, Camiguin, Philippines"
"Catarman, Northern Samar, Philippines"
"Catbalogan, Samar, Philippines"
"Cateel, Davao Oriental, Philippines"
"Catigbian, Bohol, Philippines"
"Catmon, Cebu, Philippines"
"Cau Giay, Hu00e0 Nu1ed9i, Vietnam"
"Cauayan, Isabela, Philippines"
"Cauayan, Negros Occidental, Philippines"
"Caucaia, Cearu00e1, Brazil"
"Caucasia, Antioquia, Colombia"
"Cavinti, Laguna, Philippines"
"Cavite, Cavite, Philippines"
"Cawayan, Masbate, Philippines"
"Caxias do Sul, Rio Grande do Sul, Brazil"
"Caxias do Sul, Rio Grande do Sul, Brazil, Brazil"
"Caxias, Maranhu00e3o, Brazil"
"Cebu City, Cebu, Philippines"
"Cebu City, Cebu, Philippines, United States"
"Cedar Rapids, Iowa, United States"
"Celaya, Guanajuato, Mexico"
"Celaya, Guanajuato, Mexico, Mexico"
"Central Coast, New South Wales, Australia"
"Centreville, Virginia, United States"
"Ceretu00e9, Cu00f3rdoba, Colombia"
"Cha-am, Petchburi Province, Thailand"
"Chai Badan, Lop Buri, Thailand"
"Chai Prakan, Chiang Mai, Thailand"
"Chai Wan, Udon Thani, Thailand"
"Chakkarat, Nakhon Ratchasima, Thailand"
"Chalco de Du00edaz Covarrubias, Mu00e9xico, Mexico"
"Chaloem Phra Kiat, Buriram, Thailand"
"Chaloem Phra Kiat, Nakhon Ratchasima, Thailand"
"Chambu00e9ry, Rhu00f4ne-Alpes, France"
"Champaign, Illinois, United States"
"Chandler, Arizona, United States"
"Chandu012bgarh, Chandigarh, India"
"Changchun, Jilin, China"
"Changchun, Jilin, China, China"
"Changde, Hunan, China"
"Changhan, Roi Et, Thailand"
"Changsha, Hunan, China"
"Changsha, Hunan, China, China"
"Changshu, Jiangsu, China"
"Changzhi, Shanxi, China"
"Changzhou, Jiangsu, China"
"Chantilly, Virginia, United States"
"Chanuman, Amnat Charoen, Thailand"
"Chaozhou, Guangdong, China"
"Chaparral, Tolima, Colombia"
"Chapecu00f3, Santa Catarina, Brazil"
"Chapel Hill, North Carolina, United States"
"Charleston, South Carolina, United States"
"Charleston, West Virginia, United States"
"Charlotte, North Carolina, United States"
"Charlotte, North Carolina, United States, United States"
"Charlottesville, Virginia, United States"
"Chattanooga, Tennessee, United States"
"Chatturat, Chaiyaphum, Thailand"
"Chatuchak, Bangkok, Thailand"
"Chaturaphak Phiman, Roi Et, Thailand"
"Chau Doc, An Giang, Vietnam"
"Chau Duc, Bu00e0 Ru1ecba-Vu0169ng Tu00e0u, Vietnam"
"Chau Phu, An Giang, Vietnam"
"Chau Thanh, Tiu1ec1n Giang, Vietnam"
"Chelmsford, Essex, United Kingdom"
"Cheltenham, Gloucestershire, United Kingdom"
"Chemnitz, Saxony, Germany"
"Chengde, Hebei, China"
"Chengdu, Sichuan, China"
"Chengdu, Sichuan, China, China"
"Chennai, Tamil Nadu, India"
"Chennai, Tamil Nadu, India, India"
"Chennai, Tamil Nadu, India, Tamil Nadu, India"
"Chenzhou, Hunan, China"
"Cherry Hill, New Jersey, United States"
"Chesapeake, Virginia, United States"
"Chester, Cheshire, United Kingdom"
"Chester, Pennsylvania, United States"
"Chesterfield, Derbyshire, United Kingdom"
"Chetumal, Quintana Roo, Mexico"
"Cheyenne, Wyoming, United States"
"Chiang Dao, Chiang Mai, Thailand"
"Chiang Kham, Phayao, Thailand"
"Chiang Khan, Loei, Thailand"
"Chiang Khong, Chiang Rai, Thailand"
"Chiang Saen, Chiang Rai, Thailand"
"Chiang Yuen, Maha Sarakham, Thailand"
"Chiautempan, Tlaxcala, Mexico"
"Chiba, Chiba, Japan"
"Chicago, Illinois, United States"
"Chicago, Illinois, United States, Brazil"
"Chicago, Illinois, United States, China"
"Chicago, Illinois, United States, Colombia"
"Chicago, Illinois, United States, Dominican Republic"
"Chicago, Illinois, United States, Japan"
"Chicago, Illinois, United States, Mexico"
"Chicago, Illinois, United States, United States"
"Chico, California, United States"
"Chifeng, Nei Mongol, China"
"Chigorodu00f3, Antioquia, Colombia"
"Chihuahua, Chihuahua, Mexico"
"Chihuahua, Chihuahua, Mexico, Chihuahua, Mexico"
"Chihuahua, Chihuahua, Mexico, Mexico"
"Chilpancingo de los Bravos, Guerrero, Mexico"
"Chimalhuacu00e1n, Mu00e9xico, Mexico"
"Chinchinu00e1, Caldas, Colombia"
"Chiquinquiru00e1, Boyacu00e1, Colombia"
"Cho Moi, An Giang, Vietnam"
"Chok Chai, Nakhon Ratchasima, Thailand"
"Cholula, Puebla, Mexico"
"Chom Bueng, Ratchaburi, Thailand"
"Chom Phra, Surin, Thailand"
"Chom Thong, Bangkok, Thailand"
"Chom Thong, Chiang Mai, Thailand"
"Chon Daen, Phetchabun, Thailand"
"Chongqing, Chongqing, China"
"Chongqing, Chongqing, China, China"
"Chonnabot, Khon Kaen, Thailand"
"Chu00eda, Cundinamarca, Colombia"
"Chu00eda, Cundinamarca, Colombia, Colombia"
"Chu014dfu, Tokyo, Japan"
"Chula Vista, California, United States"
"Chum Phae, Khon Kaen, Thailand"
"Chum Phuang, Nakhon Ratchasima, Thailand"
"Chum Saeng, Nakhon Sawan, Thailand"
"Chumphon Buri, Surin, Thailand"
"Chun, Phayao, Thailand"
"Chuzhou, Anhui, China"
"Cicero, Illinois, United States"
"Cincinnati, Ohio, United States"
"Citrus Heights, California, United States"
"City of London, London (Greater), United Kingdom"
"City of London, London (Greater), United Kingdom, Brazil"
"City of London, London (Greater), United Kingdom, Japan"
"City of London, London (Greater), United Kingdom, London (Greater), United Kingdom"
"City of London, London (Greater), United Kingdom, United Kingdom"
"Ciu00e9naga, Magdalena, Colombia"
"Ciudad del Carmen, Campeche, Mexico"
"Ciudad Guzmu00e1n, Jalisco, Mexico"
"Ciudad Lu00f3pez Mateos, Mu00e9xico, Mexico"
"Ciudad Madero, Tamaulipas, Mexico"
"Ciudad Obregu00f3n, Sonora, Mexico"
"Ciudad Obregu00f3n, Sonora, Mexico, Mexico"
"Ciudad Valles, San Luis Potosu00ed, Mexico"
"Ciudad Victoria, Tamaulipas, Mexico"
"Ciudad Victoria, Tamaulipas, Mexico, Mexico"
"Cixi, Zhejiang, China"
"Clarin, Bohol, Philippines"
"Clarin, Misamis Occidental, Philippines"
"Clarksville, Tennessee, United States"
"Claver, Surigao del Norte, Philippines"
"Claveria, Cagayan, Philippines"
"Claveria, Misamis Oriental, Philippines"
"Clearwater, Florida, United States"
"Clermont-Ferrand, Auvergne, France"
"Cleveland, Ohio, United States"
"Cleveland, Tennessee, United States"
"Clifton, New Jersey, United States"
"Clovis, California, United States"
"Co Do, Cu1ea7n Thu01a1, Vietnam"
"Coacalco, Mu00e9xico, Mexico"
"Coacalco, Mu00e9xico, Mexico, Mexico"
"Coatzacoalcos, Veracruz, Mexico"
"Coatzacoalcos, Veracruz, Mexico, Mexico"
"Cochin, Kerala, India"
"Coconut Creek, Florida, United States"
"Coeur dAlene, Idaho, United States"
"Coffs Harbour, New South Wales, Australia"
"Coimbatore, Tamil Nadu, India"
"Colchester, Essex, United Kingdom"
"Colima, Colima, Mexico"
"College Park, Maryland, United States"
"College Station, Texas, United States"
"Colmar, Alsace, France"
"Cologne, North Rhine-Westphalia, Germany"
"Colombo, Parana, Brazil"
"Colorado Springs, Colorado, United States"
"Columbia, Missouri, United States"
"Columbia, South Carolina, United States"
"Columbia, Tennessee, United States"
"Columbus, Georgia, United States"
"Columbus, Indiana, United States"
"Columbus, Ohio, United States"
"Columbus, Ohio, United States, Japan"
"Columbus, Ohio, United States, United States"
"Comalcalco, Tabasco, Mexico"
"Compostela, Cebu, Philippines"
"Compostela, Compostela Valley, Philippines"
"Compton, California, United States"
"Concepcion, Iloilo, Philippines"
"Concepcion, Tarlac, Philippines"
"Concord, California, United States"
"Concord, New Hampshire, United States"
"Concord, North Carolina, United States"
"Conroe, Texas, United States"
"Conselheiro Lafaiete, Minas Gerais, Brazil"
"Consolacion, Cebu, Philippines"
"Constanza, La Vega, Dominican Republic"
"Consuelo, San Pedro de Macoru00eds, Dominican Republic"
"Contagem, Minas Gerais, Brazil"
"Conway, Arkansas, United States"
"Cookeville, Tennessee, United States"
"Copacabana, Antioquia, Colombia"
"Coral Gables, Florida, United States"
"Coral Springs, Florida, United States"
"Cordon, Isabela, Philippines"
"Cordova, Cebu, Philippines"
"Corella, Bohol, Philippines"
"Coron, Palawan, Philippines"
"Corona, California, United States"
"Coronel Fabriciano, Minas Gerais, Brazil"
"Corozal, Sucre, Colombia"
"Corpus Christi, Texas, United States"
"Cortes, Bohol, Philippines"
"Costa Mesa, California, United States"
"Cotia, Su00e3o Paulo, Brazil"
"Cotuu00ed, Su00e1nchez Ramu00edrez, Dominican Republic"
"Council Bluffs, Iowa, United States"
"Coventry, West Midlands, United Kingdom"
"Covington, Kentucky, United States"
"Cozumel, Quintana Roo, Mexico"
"Crawley, West Sussex, United Kingdom"
"Criciu00fama, Santa Catarina, Brazil"
"Croydon, London (Greater), United Kingdom"
"Cu Chi, Hu1ed3 Chu00ed Minh, Vietnam"
"Cu00e1rdenas, Tabasco, Mexico"
"Cu00f3rdoba, Veracruz, Mexico"
"Cu00facuta, Norte de Santander, Colombia"
"Cu00facuta, Norte de Santander, Colombia, Colombia"
"Cuauhtu00e9moc, Chihuahua, Mexico"
"Cuautitlu00e1n Izcalli, Mu00e9xico, Mexico"
"Cuautitlu00e1n Izcalli, Mu00e9xico, Mexico, Mexico"
"Cuautla Morelos, Morelos, Mexico"
"Cubatu00e3o, Su00e3o Paulo, Brazil"
"Cuenca, Batangas, Philippines"
"Cuernavaca, Morelos, Mexico"
"Cuernavaca, Morelos, Mexico, Mexico"
"Cuernavaca, Morelos, Mexico, Morelos, Mexico"
"Cuiabu00e1, Mato Grosso, Brazil"
"Cuiabu00e1, Mato Grosso, Brazil, Brazil"
"Culaba, Biliran, Philippines"
"Culasi, Antique, Philippines"
"Culiacu00e1n, Sinaloa, Mexico"
"Culiacu00e1n, Sinaloa, Mexico, Mexico"
"Culiacu00e1n, Sinaloa, Mexico, Sinaloa, Mexico"
"Curitiba, Parana, Brazil"
"Curitiba, Parana, Brazil, Brazil"
"Cuttack, Orissa, India"
"Cuyapo, Nueva Ecija, Philippines"
"Da Lat, Lu00e2m u00d0u1ed3ng, Vietnam"
"Daanbantayan, Cebu, Philippines"
"Daet, Camarines Norte, Philippines"
"Dagami, Leyte, Philippines"
"Dagohoy, Bohol, Philippines"
"Dagua, Valle del Cauca, Colombia"
"Dagupan, Pangasinan, Philippines"
"Dajabu00f3n, Dajabu00f3n, Dominican Republic"
"Dalaguete, Cebu, Philippines"
"Dale City, Virginia, United States"
"Dali, Yunnan, China"
"Dalian, Liaoning, China"
"Dalian, Liaoning, China, China"
"Dallas, Texas, United States"
"Dallas, Texas, United States, Brazil"
"Dallas, Texas, United States, Colombia"
"Dallas, Texas, United States, Dominican Republic"
"Dallas, Texas, United States, Japan"
"Dallas, Texas, United States, United States"
"Dalton, Georgia, United States"
"Daly City, California, United States"
"Damnoen Saduak, Ratchaburi, Thailand"
"Damulog, Bukidnon, Philippines"
"Dan Khun Thot, Nakhon Ratchasima, Thailand"
"Dan Sai, Loei, Thailand"
"Danao, Bohol, Philippines"
"Danao, Cebu, Philippines"
"Danbury, Connecticut, United States"
"Dancagan, Bukidnon, Philippines"
"Dandong, Liaoning, China"
"Danville, Virginia, United States"
"Dao, Antique, Philippines"
"Dapa, Surigao del Norte, Philippines"
"Dapitan, Zamboanga del Norte, Philippines"
"Daqing, Heilongjiang, China"
"Daraga, Albay, Philippines"
"Daram, Samar, Philippines"
"Darmstadt, Hesse, Germany"
"Darwin, Northern Territory, Australia"
"Dasmariu00f1as, Cavite, Philippines"
"Dasol, Pangasinan, Philippines"
"Datong, Shanxi, China"
"Dau Tieng, Bu00ecnh Du01b0u01a1ng, Vietnam"
"Dauin, Negros Oriental, Philippines"
"Dauis, Bohol, Philippines"
"Davao, Davao del Sur, Philippines"
"Davao, Davao del Sur, Philippines, United States"
"Davenport, Iowa, United States"
"Davie, Florida, United States"
"Dayton, Ohio, United States"
"Daytona Beach, Florida, United States"
"Dazhou, Sichuan, China"
"Dearborn, Michigan, United States"
"Decatur, Alabama, United States"
"Decatur, Illinois, United States"
"Deerfield Beach, Florida, United States"
"Dehra Du016bn, Uttarakhand, India"
"Del Carmen, Surigao del Norte, Philippines"
"Delhi, Delhi, India"
"Delhi, Delhi, India, Delhi, India"
"Delhi, Delhi, India, India"
"Delicias, Chihuahua, Mexico"
"Delray Beach, Florida, United States"
"Deltona, Florida, United States"
"Den Chai, Phrae, Thailand"
"Denton, Texas, United States"
"Denver, Colorado, United States"
"Denver, Colorado, United States, Colombia"
"Denver, Colorado, United States, Japan"
"Denver, Colorado, United States, United States"
"Derby, Derbyshire, United Kingdom"
"Des Moines, Iowa, United States"
"Des Plaines, Illinois, United States"
"Destin, Florida, United States"
"Det Udom, Ubon Ratchathani, Thailand"
"Detroit, Michigan, United States"
"Deyang, Sichuan, China"
"Dezhou, Shandong, China"
"Dhanbu0101d, Jharkhand, India"
"Di An, Bu00ecnh Du01b0u01a1ng, Vietnam"
"Di Linh, Lu00e2m u00d0u1ed3ng, Vietnam"
"Diadema, Su00e3o Paulo, Brazil"
"Dien Khanh, Khu00e1nh Hu00f2a, Vietnam"
"Diffun, Quirino, Philippines"
"Digos, Davao del Sur, Philippines"
"Dijon, Bourgogne, France"
"Dimasalang, Masbate, Philippines"
"Dimiao, Bohol, Philippines"
"Din Daeng, Bangkok, Thailand"
"Dinagat, Dinagat Islands, Philippines"
"Dinalupihan, Bataan, Philippines"
"Dingalan, Aurora, Philippines"
"Dingle, Iloilo, Philippines"
"Dingras, Ilocos Norte, Philippines"
"Dinh Quan, u00d0u1ed3ng Nai, Vietnam"
"Diplahan, Zamboanga Sibugay, Philippines"
"Dipolog, Zamboanga del Norte, Philippines"
"District 1, Hu1ed3 Chu00ed Minh, Vietnam"
"District 10, Hu1ed3 Chu00ed Minh, Vietnam"
"District 11, Hu1ed3 Chu00ed Minh, Vietnam"
"District 12, Hu1ed3 Chu00ed Minh, Vietnam"
"District 2, Hu1ed3 Chu00ed Minh, Vietnam"
"District 3, Hu1ed3 Chu00ed Minh, Vietnam"
"District 4, Hu1ed3 Chu00ed Minh, Vietnam"
"District 5, Hu1ed3 Chu00ed Minh, Vietnam"
"District 6, Hu1ed3 Chu00ed Minh, Vietnam"
"District 7, Hu1ed3 Chu00ed Minh, Vietnam"
"District 8, Hu1ed3 Chu00ed Minh, Vietnam"
"District 9, Hu1ed3 Chu00ed Minh, Vietnam"
"Divisu00f3polis, Minas Gerais, Brazil"
"Doi Saket, Chiang Mai, Thailand"
"Dok Khamtai, Phayao, Thailand"
"Dolores, Eastern Samar, Philippines"
"Dolores, Quezon, Philippines"
"Don Carlos, Bukidnon, Philippines"
"Don Chan, Kalasin, Thailand"
"Don Marcelino, Davao del Sur, Philippines"
"Don Mueang, Bangkok, Thailand"
"Don Tan, Mukdahan, Thailand"
"Doncaster, South Yorkshire, United Kingdom"
"Dong Anh, Hu00e0 Nu1ed9i, Vietnam"
"Dong Da, Hu00e0 Nu1ed9i, Vietnam"
"Dong Ha, Quu1ea3ng Tru1ecb, Vietnam"
"Dong Hoi, Quu1ea3ng Bu00ecnh, Vietnam"
"Dong Xoai, Bu00ecnh Phu01b0u1edbc, Vietnam"
"Dongguan, Guangdong, China"
"Dongguan, Guangdong, China, China"
"Dongsheng, Nei Mongol, China"
"Dongying, Shandong, China"
"Donsol, Sorsogon, Philippines"
"Dortmund, North Rhine-Westphalia, Germany"
"Dos Quebradas, Risaralda, Colombia"
"Dothan, Alabama, United States"
"Douglasville, Georgia, United States"
"Dourados, Mato Grosso do Sul, Brazil"
"Dover, Delaware, United States"
"Downey, California, United States"
"Dresden, Saxony, Germany"
"Du00fcsseldorf, North Rhine-Westphalia, Germany"
"Duc Hoa, Long An, Vietnam"
"Duc Trong, Lu00e2m u00d0u1ed3ng, Vietnam"
"Duero, Bohol, Philippines"
"Dueu00f1as, Iloilo, Philippines"
"Duisburg, North Rhine-Westphalia, Germany"
"Duitama, Boyacu00e1, Colombia"
"Dulag, Leyte, Philippines"
"Duluth, Georgia, United States"
"Duluth, Minnesota, United States"
"Dumaguete, Negros Oriental, Philippines"
"Dumalinao, Zamboanga del Sur, Philippines"
"Dumangas, Iloilo, Philippines"
"Dumanjug, Cebu, Philippines"
"Dumingag, Zamboanga del Sur, Philippines"
"Dundee, Tayside, United Kingdom"
"Duong Minh Chau, Tu00e2y Ninh, Vietnam"
"Duque de Caxias, Rio de Janeiro, Brazil"
"Durango, Durango, Mexico"
"Durango, Durango, Mexico, Mexico"
"Durgu0101pur, West Bengal, India"
"Durham, North Carolina, United States"
"Dusit, Bangkok, Thailand"
"Duyun, Guizhou, China"
"Ealing, London (Greater), United Kingdom"
"Ealing, London (Greater), United Kingdom, United Kingdom"
"East Los Angeles, California, United States"
"East Orange, New Jersey, United States"
"Easton, Pennsylvania, United States"
"Eau Claire, Wisconsin, United States"
"Ecatepec, Mu00e9xico, Mexico"
"Ecatepec, Mu00e9xico, Mexico, Mexico"
"Echague, Isabela, Philippines"
"Edinburg, Texas, United States"
"Edinburgh, Lothian, United Kingdom"
"Edison, New Jersey, United States"
"Edmond, Oklahoma, United States"
"Edmonton, Alberta, Canada"
"El Cerrito, Valle del Cauca, Colombia"
"El Monte, California, United States"
"El Nido, Palawan, Philippines"
"El Paso, Texas, United States"
"El Paso, Texas, United States, Mexico"
"El Salvador, Misamis Oriental, Philippines"
"Elgin, Illinois, United States"
"Elizabeth, New Jersey, United States"
"Elizabethtown, Kentucky, United States"
"Elk Grove, California, United States"
"Elkhart, Indiana, United States"
"Embu, Su00e3o Paulo, Brazil"
"Enfield, London (Greater), United Kingdom"
"Englewood, New Jersey, United States"
"Enid, Oklahoma, United States"
"Enrile, Cagayan, Philippines"
"Enrique B. Magalona, Negros Occidental, Philippines"
"Ensenada, Baja California, Mexico"
"Ensenada, Baja California, Mexico, Mexico"
"Enshi, Hubei, China"
"Enterprise, Alabama, United States"
"Envigado, Antioquia, Colombia"
"Envigado, Antioquia, Colombia, Colombia"
"Erawan, Loei, Thailand"
"Erfurt, Thuringia, Germany"
"Erie, Pennsylvania, United States"
"Erlangen, Bavaria, Germany"
"Escalante, Negros Occidental, Philippines"
"Escondido, California, United States"
"Esperanza, Agusan del Sur, Philippines"
"Esperanza, Sultan Kudarat, Philippines"
"Esperanza, Valverde, Dominican Republic"
"Espinal, Tolima, Colombia"
"Essen, North Rhine-Westphalia, Germany"
"Estancia, Iloilo, Philippines"
"Eugene, Oregon, United States"
"Eureka, California, United States"
"Evansville, Indiana, United States"
"Everett, Washington, United States"
"Exeter, Devon, United Kingdom"
"Facatativu00e1, Cundinamarca, Colombia"
"Fairbanks, Alaska, United States"
"Fairfield, California, United States"
"Faizu0101bu0101d, Uttar Pradesh, India"
"Fall River, Massachusetts, United States"
"Famy, Laguna, Philippines"
"Fang, Chiang Mai, Thailand"
"Fao Rai, Nong Khai, Thailand"
"Fargo, North Dakota, United States"
"Farmington Hills, Michigan, United States"
"Farmington, New Mexico, United States"
"Faru012bdu0101bu0101d, Haryana, India"
"Fayetteville, Arkansas, United States"
"Fayetteville, North Carolina, United States"
"Federal Way, Washington, United States"
"Feira de Santana, Bahia, Brazil"
"Ferraz de Vasconcelos, Su00e3o Paulo, Brazil"
"Flagstaff, Arizona, United States"
"Flensburg, Schleswig-Holstein, Germany"
"Flint, Michigan, United States"
"Florence, Alabama, United States"
"Florence, Kentucky, United States"
"Florence, South Carolina, United States"
"Florencia, Caquetu00e1, Colombia"
"Florencia, Caquetu00e1, Colombia, Colombia"
"Florianu00f3polis, Santa Catarina, Brazil"
"Florianu00f3polis, Santa Catarina, Brazil, Brazil"
"Florida, Valle del Cauca, Colombia"
"Floridablanca, Pampanga, Philippines"
"Floridablanca, Santander, Colombia"
"Folsom, California, United States"
"Fonseca, La Guajira, Colombia"
"Fontana, California, United States"
"Fort Collins, Colorado, United States"
"Fort Dodge, Iowa, United States"
"Fort Lauderdale, Florida, United States"
"Fort Lauderdale, Florida, United States, Colombia"
"Fort Lauderdale, Florida, United States, United States"
"Fort Lee, New Jersey, United States"
"Fort McMurray, Alberta, Canada"
"Fort Myers, Florida, United States"
"Fort Pierce, Florida, United States"
"Fort Smith, Arkansas, United States"
"Fort Wayne, Indiana, United States"
"Fort Worth, Texas, United States"
"Fortaleza, Cearu00e1, Brazil"
"Fortaleza, Cearu00e1, Brazil, Brazil"
"Foshan, Guangdong, China"
"Foshan, Guangdong, China, China"
"Foz do Iguau00e7u, Parana, Brazil"
"Framingham, Massachusetts, United States"
"Franca, Su00e3o Paulo, Brazil"
"Francisco Morato, Su00e3o Paulo, Brazil"
"Franco da Rocha, Su00e3o Paulo, Brazil"
"Frankfurt am Main, Hesse, Germany"
"Frederick, Maryland, United States"
"Fredericksburg, Virginia, United States"
"Freeport, New York, United States"
"Freiburg, Baden-Wurttemberg, Germany"
"Fremantle, Western Australia, Australia"
"Fremont, California, United States"
"Fresno, California, United States"
"Frisco, Texas, United States"
"Fukuoka, Fukuoka, Japan"
"Fullerton, California, United States"
"Funza, Cundinamarca, Colombia"
"Fuqing, Fujian, China"
"Fusagasuga, Cundinamarca, Colombia"
"Fusagasuga, Cundinamarca, Colombia, Colombia"
"Fushun, Liaoning, China"
"Fuxin, Liaoning, China"
"Fuyang, Anhui, China"
"Fuzhou, Fujian, China"
"Fuzhou, Fujian, China, China"
"Fuzhou, Jiangxi, China"
"Gadsden, Alabama, United States"
"Gainesville, Florida, United States"
"Gainesville, Georgia, United States"
"Gaithersburg, Maryland, United States"
"Galveston, Texas, United States"
"Gamu, Isabela, Philippines"
"Gandara, Samar, Philippines"
"Ganzhou, Jiangxi, China"
"Gapan, Nueva Ecija, Philippines"
"Garanhuns, Pernambuco, Brazil"
"Garching bei Mu00fcnchen, Bavaria, Germany"
"Garcia Hernandez, Bohol, Philippines"
"Garden Grove, California, United States"
"Gardena, California, United States"
"Garland, Texas, United States"
"Garza Garcu00eda, Nuevo Leu00f3n, Mexico"
"Garzu00f3n, Huila, Colombia"
"Gasan, Marinduque, Philippines"
"Gaspar Hernu00e1ndez, Espaillat, Dominican Republic"
"Gastonia, North Carolina, United States"
"Gatineau, Quebec, Canada"
"Gattaran, Cagayan, Philippines"
"Gaya, Bihar, India"
"Geelong, Victoria, Australia"
"Gen. Mariano Alvarez, Cavite, Philippines"
"General Emilio Aguinaldo, Cavite, Philippines"
"General Escobedo, Nuevo Leu00f3n, Mexico"
"General Luna, Quezon, Philippines"
"General Luna, Surigao del Norte, Philippines"
"General MacArthur, Eastern Samar, Philippines"
"General Santos, South Cotabato, Philippines"
"General Tinio, Nueva Ecija, Philippines"
"General Trias, Cavite, Philippines"
"Gerona, Tarlac, Philippines"
"Ghu0101ziu0101bu0101d, Uttar Pradesh, India"
"Gia Lam, Hu00e0 Nu1ed9i, Vietnam"
"Gifu, Gifu, Japan"
"Gigaquit, Surigao del Norte, Philippines"
"Gilbert, Arizona, United States"
"Gillette, Wyoming, United States"
"Ginatilan, Cebu, Philippines"
"Gingoog, Misamis Oriental, Philippines"
"Giporlos, Eastern Samar, Philippines"
"Girardot, Cundinamarca, Colombia"
"Girardot, Cundinamarca, Colombia, Colombia"
"Girardota, Antioquia, Colombia"
"Giru00f3n, Santander, Colombia"
"Glan, Sarangani, Philippines"
"Glasgow, Strathclyde, United Kingdom"
"Glen Cove, New York, United States"
"Glendale, Arizona, United States"
"Glendale, California, United States"
"Gloria, Mindoro Oriental, Philippines"
"Gloucester, Gloucestershire, United Kingdom"
"Go Cong, Tiu1ec1n Giang, Vietnam"
"Go Dau Ha, Tu00e2y Ninh, Vietnam"
"Go Vap, Hu1ed3 Chu00ed Minh, Vietnam"
"Goa, Camarines Sur, Philippines"
"Goiu00e2nia, Goiu00e1s, Brazil"
"Goiu00e2nia, Goiu00e1s, Brazil, Brazil"
"Gold Coast, Queensland, Australia"
"Gold Coast, Queensland, Australia, Australia"
"Gold Coast, Queensland, Australia, Japan"
"Goldsboro, North Carolina, United States"
"Gonzaga, Cagayan, Philippines"
"Goose Creek, South Carolina, United States"
"Gorakhpur, Uttar Pradesh, India"
"Governador Valadares, Minas Gerais, Brazil"
"Governador Valadares, Minas Gerais, Brazil, Brazil"
"Governor Generoso, Davao Oriental, Philippines"
"Granada, Meta, Colombia"
"Grand Forks, North Dakota, United States"
"Grand Junction, Colorado, United States"
"Grand Prairie, Texas, United States"
"Grand Rapids, Michigan, United States"
"Grande Prairie, Alberta, Canada"
"Gravatau00ed, Rio Grande do Sul, Brazil"
"Great Falls, Montana, United States"
"Greeley, Colorado, United States"
"Green Bay, Wisconsin, United States"
"Greenbelt, Maryland, United States"
"Greensboro, North Carolina, United States"
"Greenville, North Carolina, United States"
"Greenville, South Carolina, United States"
"Greenwich, London (Greater), United Kingdom"
"Grenoble, Rhu00f4ne-Alpes, France"
"Gresham, Oregon, United States"
"Griffin, Georgia, United States"
"Gu00f3mez Palacio, Durango, Mexico"
"Gu0101ndhu012bnagar, Gujarat, India"
"Guadalajara, Jalisco, Mexico"
"Guadalajara, Jalisco, Mexico, Jalisco, Mexico"
"Guadalajara, Jalisco, Mexico, Mexico"
"Guadalupe, Nuevo Leu00f3n, Mexico"
"Guadalupe, Nuevo Leu00f3n, Mexico, Mexico"
"Guagua, Pampanga, Philippines"
"Guanajuato, Guanajuato, Mexico"
"Guangyuan, Sichuan, China"
"Guangzhou, Guangdong, China"
"Guangzhou, Guangdong, China, China"
"Guangzhou, Guangdong, China, Guangdong, China"
"Guangzhou, Guangdong, China, United States"
"Guarapuava, Parana, Brazil"
"Guaratinguetu00e1, Su00e3o Paulo, Brazil"
"Guaruju00e1, Su00e3o Paulo, Brazil"
"Guarulhos, Su00e3o Paulo, Brazil"
"Guarulhos, Su00e3o Paulo, Brazil, Brazil"
"Guasave, Sinaloa, Mexico"
"Guau00edba, Rio Grande do Sul, Brazil"
"Guaymas, Sonora, Mexico"
"Gubat, Sorsogon, Philippines"
"Guigang, Guangxi, China"
"Guiguinto, Bulacan, Philippines"
"Guihulngan, Negros Oriental, Philippines"
"Guildford, Surrey, United Kingdom"
"Guilin, Guangxi, China"
"Guimba, Nueva Ecija, Philippines"
"Guimbal, Iloilo, Philippines"
"Guinayangan, Quezon, Philippines"
"Guindulman, Bohol, Philippines"
"Guinisiliban, Camiguin, Philippines"
"Guinobatan, Albay, Philippines"
"Guiuan, Eastern Samar, Philippines"
"Guiyang, Guizhou, China"
"Gulfport, Mississippi, United States"
"Gumaca, Quezon, Philippines"
"Gurgaon, Haryana, India"
"Gutalac, Zamboanga del Norte, Philippines"
"Guwu0101hu0101ti, Assam, India"
"Gwalior, Madhya Pradesh, India"
"Ha Dong, Hu00e0 Tu00e2y, Vietnam"
"Ha Long, Quu1ea3ng Ninh, Vietnam"
"Ha Tinh, Hu00e0 Tu0129nh, Vietnam"
"Hackensack, New Jersey, United States"
"Hackney, London (Greater), United Kingdom"
"Hagerstown, Maryland, United States"
"Hagonoy, Bulacan, Philippines"
"Hagonoy, Davao del Sur, Philippines"
"Hai Ba Trung, Hu00e0 Nu1ed9i, Vietnam"
"Hai Chau, u00d0u00e0 Nu1eb5ng, Vietnam"
"Hai Duong, Hu1ea3i Du01b0u01a1ng, Vietnam"
"Hai Phong, Hu1ea3i Phu00f2ng, Vietnam"
"Haikou, Hainan, China"
"Halifax, Nova Scotia, Canada"
"Hallandale Beach, Florida, United States"
"Halle, Saxony-Anhalt, Germany"
"Ham Tan, Bu00ecnh Thuu1eadn, Vietnam"
"Hamamatsu, Shizuoka, Japan"
"Hamburg, Hamburg, Germany"
"Hamilton, Ontario, Canada"
"Hammersmith and Fulham, London (Greater), United Kingdom"
"Hammond, Indiana, United States"
"Hampton, Virginia, United States"
"Hamtic, Antique, Philippines"
"Handan, Hebei, China"
"Hanford, California, United States"
"Hang Chat, Lampang, Thailand"
"Hang Dong, Chiang Mai, Thailand"
"Hangzhou, Zhejiang, China"
"Hangzhou, Zhejiang, China, China"
"Hankha, Chai Nat, Thailand"
"Hannover, Lower Saxony, Germany"
"Hanzhong, Shaanxi, China"
"Harbin, Heilongjiang, China"
"Harbin, Heilongjiang, China, China"
"Haridwu0101r, Uttarakhand, India"
"Haringey, London (Greater), United Kingdom"
"Harlingen, Texas, United States"
"Harrisburg, Pennsylvania, United States"
"Harrisonburg, Virginia, United States"
"Harrow, London (Greater), United Kingdom"
"Hartford, Connecticut, United States"
"Hat Yai, Songkhla, Thailand"
"Hato Mayor del Rey, Hato Mayor, Dominican Republic"
"Hattiesburg, Mississippi, United States"
"Hawthorne, California, United States"
"Hayward, California, United States"
"Hechi, Guangxi, China"
"Hefei, Anhui, China"
"Hefei, Anhui, China, China"
"Heidelberg, Baden-Wurttemberg, Germany"
"Heilbronn, Baden-Wurttemberg, Germany"
"Helixi, Anhui, China"
"Hemet, California, United States"
"Hempstead, New York, United States"
"Henderson, Nevada, United States"
"Hengshui, Hebei, China"
"Hengyang, Hunan, China"
"Hermosa, Bataan, Philippines"
"Hermosillo, Sonora, Mexico"
"Hermosillo, Sonora, Mexico, Mexico"
"Heyun, Guangdong, China"
"Heze, Shandong, China"
"Hialeah, Florida, United States"
"Hickory, North Carolina, United States"
"High Point, North Carolina, United States"
"Hillingdon, London (Greater), United Kingdom"
"Hillsboro, Oregon, United States"
"Hilo, Hawaii, United States"
"Hilongos, Leyte, Philippines"
"Hilton Head Island, South Carolina, United States"
"Himamaylan, Negros Occidental, Philippines"
"Hinatuan, Surigao del Sur, Philippines"
"Hindang, Leyte, Philippines"
"Hinesville, Georgia, United States"
"Hinigaran, Negros Occidental, Philippines"
"Hinoba-an, Negros Occidental, Philippines"
"Hinunangan, Southern Leyte, Philippines"
"Hiroshima, Hiroshima, Japan"
"Hisu0101r, Haryana, India"
"Hoa Binh, Hu00f2a Bu00ecnh, Vietnam"
"Hoa Thanh, Tu00e2y Ninh, Vietnam"
"Hoa Vang, u00d0u00e0 Nu1eb5ng, Vietnam"
"Hoan Kiem, Hu00e0 Nu1ed9i, Vietnam"
"Hoang Mai, Hu00e0 Nu1ed9i, Vietnam"
"Hoang Sa, u00d0u00e0 Nu1eb5ng, Vietnam"
"Hobart, Tasmania, Australia"
"Hobbs, New Mexico, United States"
"Hoboken, New Jersey, United States"
"Hoc Mon, Hu1ed3 Chu00ed Minh, Vietnam"
"Hohhot, Nei Mongol, China"
"Hoi An, Quu1ea3ng Nam, Vietnam"
"Holland, Michigan, United States"
"Hollywood, Florida, United States"
"Homestead, Florida, United States"
"Honda, Tolima, Colombia"
"Hong Bang, Hu1ea3i Phu00f2ng, Vietnam"
"Hong Ngu, u00d0u1ed3ng Thu00e1p, Vietnam"
"Honolulu, Hawaii, United States"
"Honolulu, Hawaii, United States, China"
"Honolulu, Hawaii, United States, Japan"
"Hortolu00e2ndia, Su00e3o Paulo, Brazil"
"Hot Springs, Arkansas, United States"
"Hot, Chiang Mai, Thailand"
"Houma, Louisiana, United States"
"Hounslow, London (Greater), United Kingdom"
"Houston, Texas, United States"
"Houston, Texas, United States, Brazil"
"Houston, Texas, United States, China"
"Houston, Texas, United States, Colombia"
"Houston, Texas, United States, Dominican Republic"
"Houston, Texas, United States, Japan"
"Houston, Texas, United States, Mexico"
"Houston, Texas, United States, United States"
"Hua Hin, Kui Buri, Prachuap Khiri Khan, Thailand"
"Hua Taphan, Amnat Charoen, Thailand"
"Huai Khwang, Bangkok, Thailand"
"Huai Mek, Kalasin, Thailand"
"Huai Phueng, Kalasin, Thailand"
"Huai Rat, Buriram, Thailand"
"Huai Thalaeng, Nakhon Ratchasima, Thailand"
"Huai Yot, Trang, Thailand"
"Huaian, Jiangsu, China"
"Huaihua, Hunan, China"
"Huainan, Anhui, China"
"Huangshan, Anhui, China"
"Huangshi, Hubei, China"
"Hue, Thu1eeba Thiu00ean-Huu1ebf, Vietnam"
"Huixquilucan, Mu00e9xico, Mexico"
"Huizhou, Guangdong, China"
"Huludao, Liaoning, China"
"Hung Yen, Hu01b0ng Yu00ean, Vietnam"
"Huntington Beach, California, United States"
"Huntington, New York, United States"
"Huntington, West Virginia, United States"
"Huntsville, Alabama, United States"
"Huzhou, Zhejiang, China"
"Hyattsville, Maryland, United States"
"Hyderu0101bu0101d, Andhra Pradesh, India"
"Hyderu0101bu0101d, Andhra Pradesh, India, India"
"Iba, Zambales, Philippines"
"Ibaan, Batangas, Philippines"
"Ibaguu00e9, Tolima, Colombia"
"Ibaguu00e9, Tolima, Colombia, Colombia"
"Ibajay, Aklan, Philippines"
"Ibiritu00e9, Minas Gerais, Brazil"
"Idaho Falls, Idaho, United States"
"Iguig, Cagayan, Philippines"
"Ilagan, Isabela, Philippines"
"Ilford, Essex, United Kingdom"
"Ilhu00e9us, Bahia, Brazil"
"Iligan, Lanao del Norte, Philippines"
"Ilog, Negros Occidental, Philippines"
"Iloilo, Iloilo, Philippines"
"Imelda, Zamboanga Sibugay, Philippines"
"Impasugong, Bukidnon, Philippines"
"Imperatriz, Maranhu00e3o, Brazil"
"Imus, Cavite, Philippines"
"Inabanga, Bohol, Philippines"
"Indaiatuba, Su00e3o Paulo, Brazil"
"Indang, Cavite, Philippines"
"Independence, Missouri, United States"
"Indianapolis, Indiana, United States"
"Indianapolis, Indiana, United States, United States"
"Indore, Madhya Pradesh, India"
"Infanta, Quezon, Philippines"
"Inglewood, California, United States"
"Ingolstadt, Bavaria, Germany"
"Initao, Misamis Oriental, Philippines"
"Inopacan, Leyte, Philippines"
"Inverness, Highlands, United Kingdom"
"Iowa City, Iowa, United States"
"Ipatinga, Minas Gerais, Brazil"
"Ipiales, Nariu00f1o, Colombia"
"Ipil, Zamboanga Sibugay, Philippines"
"Ipswich, Queensland, Australia"
"Ipswich, Suffolk, United Kingdom"
"Irapuato, Guanajuato, Mexico"
"Irapuato, Guanajuato, Mexico, Mexico"
"Iriga, Camarines Sur, Philippines"
"Irosin, Sorsogon, Philippines"
"Irvine, California, United States"
"Irving, Texas, United States"
"Irvington, New Jersey, United States"
"Isabel, Leyte, Philippines"
"Isabela, Basilan, Philippines"
"Isabela, Negros Occidental, Philippines"
"Islington, London (Greater), United Kingdom"
"Islip, New York, United States"
"Isulan, Sultan Kudarat, Philippines"
"Itaborau00ed, Rio de Janeiro, Brazil"
"Itabuna, Bahia, Brazil"
"Itagu00fcu00ed, Antioquia, Colombia"
"Itagu00fcu00ed, Antioquia, Colombia, Colombia"
"Itajau00ed, Santa Catarina, Brazil"
"Itapecerica da Serra, Su00e3o Paulo, Brazil"
"Itapetininga, Su00e3o Paulo, Brazil"
"Itapevi, Su00e3o Paulo, Brazil"
"Itaquaquecetuba, Su00e3o Paulo, Brazil"
"Itu, Su00e3o Paulo, Brazil"
"Ixtapaluca, Mu00e9xico, Mexico"
"Jabalpur, Madhya Pradesh, India"
"Jaboatu00e3o, Pernambuco, Brazil"
"Jacareu00ed, Su00e3o Paulo, Brazil"
"Jackson, Michigan, United States"
"Jackson, Mississippi, United States"
"Jackson, Tennessee, United States"
"Jacksonville, Florida, United States"
"Jacksonville, North Carolina, United States"
"Jaen, Nueva Ecija, Philippines"
"Jagna, Bohol, Philippines"
"Jaipur, Rajasthan, India"
"Jalajala, Rizal, Philippines"
"Jalandhar, Punjab, India"
"Jammu, Jammu and Kashmir, India"
"Jamshedpur, Jharkhand, India"
"Jamundu00ed, Valle del Cauca, Colombia"
"Jandira, Su00e3o Paulo, Brazil"
"Janesville, Wisconsin, United States"
"Janiuay, Iloilo, Philippines"
"Jarabacoa, La Vega, Dominican Republic"
"Jaraguu00e1 do Sul, Santa Catarina, Brazil"
"Jaro, Leyte, Philippines"
"Jasaan, Misamis Oriental, Philippines"
"Jau00fa, Su00e3o Paulo, Brazil"
"Javier, Leyte, Philippines"
"Jefferson City, Missouri, United States"
"Jequiu00e9, Bahia, Brazil"
"Jersey City, New Jersey, United States"
"Jersey City, New Jersey, United States, United States"
"Jetafe, Bohol, Philippines"
"Jiamusi, Heilongjiang, China"
"Jian, Jiangxi, China"
"Jiangmen, Guangdong, China"
"Jiangyin, Jiangsu, China"
"Jiaojiang, Zhejiang, China"
"Jiaozuo, Henan, China"
"Jiaxing, Zhejiang, China"
"Jieyang, Guangdong, China"
"Jilin, Jilin, China"
"Jimalalud, Negros Oriental, Philippines"
"Jimenez, Misamis Occidental, Philippines"
"Jinan, Shandong, China"
"Jinan, Shandong, China, China"
"Jingdezhen, Jiangxi, China"
"Jinghong, Yunnan, China"
"Jingmen, Hubei, China"
"Jingzhou, Hubei, China"
"Jinhua, Zhejiang, China"
"Jining, Shandong, China"
"Jinjiang, Fujian, China"
"Jinzhou, Liaoning, China"
"Jishou, Hunan, China"
"Jiujiang, Jiangxi, China"
"Jodhpur, Rajasthan, India"
"Johnson City, Tennessee, United States"
"Joinvile, Santa Catarina, Brazil"
"Joinvile, Santa Catarina, Brazil, Brazil"
"Joliet, Illinois, United States"
"Jones, Isabela, Philippines"
"Jonesboro, Arkansas, United States"
"Jonesboro, Georgia, United States"
"Joplin, Missouri, United States"
"Jordan, Guimaras, Philippines"
"Jose Abad Santos, Davao del Sur, Philippines"
"Jose Panganiban, Camarines Norte, Philippines"
"Jou00e3o Pessoa, Parau00edba, Brazil"
"Jou00e3o Pessoa, Parau00edba, Brazil, Brazil"
"Juazeiro do Norte, Cearu00e1, Brazil"
"Juban, Sorsogon, Philippines"
"Juiz de Fora, Minas Gerais, Brazil"
"Juiz de Fora, Minas Gerais, Brazil, Brazil"
"Julita, Leyte, Philippines"
"Jundiau00ed, Su00e3o Paulo, Brazil"
"Jupiter town, Florida, United States"
"Juu00e0zeiro, Bahia, Brazil"
"Juu00e1rez, Chihuahua, Mexico"
"Juu00e1rez, Chihuahua, Mexico, Mexico"
"Kabacan, Cotabato, Philippines"
"Kabankalan, Negros Occidental, Philippines"
"Kabasalan, Zamboanga Sibugay, Philippines"
"Kadingilan, Bukidnon, Philippines"
"Kaeng Khro, Chaiyaphum, Thailand"
"Kahului, Hawaii, United States"
"Kaifeng, Henan, China"
"Kaili, Guizhou, China"
"Kailua, Hawaii, United States"
"Kaiserslautern, Rhineland-Palatinate, Germany"
"Kalamazoo, Michigan, United States"
"Kalayaan, Laguna, Philippines"
"Kalibo, Aklan, Philippines"
"Kalilangan, Bukidnon, Philippines"
"Kamalasai, Kalasin, Thailand"
"Kamloops, British Columbia, Canada"
"Kananga, Leyte, Philippines"
"Kansas City, Kansas, United States"
"Kansas City, Missouri, United States"
"Kantharalak, Sisaket, Thailand"
"Kanthararom, Sisaket, Thailand"
"Kantharawichai, Maha Sarakham, Thailand"
"Kap Choeng, Surin, Thailand"
"Kapalong, Davao del Norte, Philippines"
"Kapatagan, Lanao del Norte, Philippines"
"Karlsruhe, Baden-Wurttemberg, Germany"
"Karnu0101l, Haryana, India"
"Kaset Sombun, Chaiyaphum, Thailand"
"Kaset Wisai, Roi Et, Thailand"
"Kassel, Hesse, Germany"
"Kathu, Phuket, Thailand"
"Katipunan, Zamboanga del Norte, Philippines"
"Kauswagan, Lanao del Norte, Philippines"
"Kawasaki, Kanagawa, Japan"
"Kawayan, Biliran, Philippines"
"Kawit, Cavite, Philippines"
"Kearney, Nebraska, United States"
"Kearny, New Jersey, United States"
"Kelowna, British Columbia, Canada"
"Kendall, Florida, United States"
"Kenner, Louisiana, United States"
"Kennesaw, Georgia, United States"
"Kennewick, Washington, United States"
"Kenosha, Wisconsin, United States"
"Kensington and Chelsea, London (Greater), United Kingdom"
"Kent, Washington, United States"
"Key West, Florida, United States"
"Khaen Dong, Buriram, Thailand"
"Kham Muang, Kalasin, Thailand"
"Kham Sakaesaeng, Nakhon Ratchasima, Thailand"
"Kham Thale So, Nakhon Ratchasima, Thailand"
"Khamcha-i, Mukdahan, Thailand"
"Khan Na Yao, Bangkok, Thailand"
"Khanu Woralaksaburi, Kamphaeng Phet, Thailand"
"Khao Kho, Phetchabun, Thailand"
"Khao Suan Kwang, Khon Kaen, Thailand"
"Khao Wong, Kalasin, Thailand"
"Khao Yoi, Petchburi Province, Thailand"
"Khemarat, Ubon Ratchathani, Thailand"
"Khlong Khlung, Kamphaeng Phet, Thailand"
"Khlong Lan, Kamphaeng Phet, Thailand"
"Khlong Sam Wa, Bangkok, Thailand"
"Khlong San, Bangkok, Thailand"
"Khlong Toei, Bangkok, Thailand"
"Khlung, Chanthaburi, Thailand"
"Khok Pho Chai, Khon Kaen, Thailand"
"Khok Samrong, Lop Buri, Thailand"
"Khon Buri, Nakhon Ratchasima, Thailand"
"Khon San, Chaiyaphum, Thailand"
"Khon Sawan, Chaiyaphum, Thailand"
"Khong Chai, Kalasin, Thailand"
"Khong, Nakhon Ratchasima, Thailand"
"Khu Mueang, Buriram, Thailand"
"Khueang Nai, Ubon Ratchathani, Thailand"
"Khukhan, Sisaket, Thailand"
"Khun Han, Sisaket, Thailand"
"Khun Tan, Chiang Rai, Thailand"
"Khwao Sinarin, Surin, Thailand"
"Kiamba, Sarangani, Philippines"
"Kibawe, Bukidnon, Philippines"
"Kiblawan, Davao del Sur, Philippines"
"Kidapawan, Cotabato, Philippines"
"Kiel, Schleswig-Holstein, Germany"
"Killeen, Texas, United States"
"Kingman, Arizona, United States"
"Kingsport, Tennessee, United States"
"Kingston-upon-Hull, Humberside, United Kingdom"
"Kingston-upon-Thames, London (Greater), United Kingdom"
"Kingston, Ontario, Canada"
"Kirkland, Washington, United States"
"Kissimmee, Florida, United States"
"Kitaotao, Bukidnon, Philippines"
"Kitcharao, Agusan del Norte, Philippines"
"Kitchener, Ontario, Canada"
"Klaeng, Rayong, Thailand"
"Knoxville, Tennessee, United States"
"Ko Chang, Trat, Thailand"
"Ko Kha, Lampang, Thailand"
"Ko Lanta, Krabi, Thailand"
"Ko Phangan, Surat Thani, Thailand"
"Ko Samui, Surat Thani, Thailand"
"Kobe, Hyogo, Japan"
"Koblenz, Rhineland-Palatinate, Germany"
"Kokomo, Indiana, United States"
"Kolambugan, Lanao del Norte, Philippines"
"Kolhu0101pur, Maharashtra, India"
"Kolkata, West Bengal, India"
"Kollam, Kerala, India"
"Kon Tum, Kon Tum, Vietnam"
"Konstanz, Baden-Wurttemberg, Germany"
"Koronadal, South Cotabato, Philippines"
"Kosum Phisai, Maha Sarakham, Thailand"
"Kota, Rajasthan, India"
"Kranuan, Khon Kaen, Thailand"
"Krasang, Buriram, Thailand"
"Krefeld, North Rhine-Westphalia, Germany"
"Ku00e4neu2018ohe, Hawaii, United States"
"Ku00f6ln, North Rhine-Westphalia, Germany"
"Ku0101npur, Uttar Pradesh, India"
"Kuchinarai, Kalasin, Thailand"
"Kumamoto, Kumamoto, Japan"
"Kumphawapi, Udon Thani, Thailand"
"Kunming, Yunnan, China"
"Kunming, Yunnan, China, China"
"Kunshan, Jiangsu, China"
"Kut Chap, Udon Thani, Thailand"
"Kyu014dto, Kyoto, Japan"
"La Carlota, Negros Occidental, Philippines"
"La Castellana, Negros Occidental, Philippines"
"La Ceja, Antioquia, Colombia"
"La Crosse, Wisconsin, United States"
"La Dorada, Caldas, Colombia"
"La Estrella, Antioquia, Colombia"
"La Libertad, Negros Oriental, Philippines"
"La Mata, Su00e1nchez Ramu00edrez, Dominican Republic"
"La Mesa, Cundinamarca, Colombia"
"La Paz, Baja California Sur, Mexico"
"La Paz, Baja California Sur, Mexico, Mexico"
"La Paz, Leyte, Philippines"
"La Paz, Tarlac, Philippines"
"La Plata, Huila, Colombia"
"La Puente, California, United States"
"La Roche-sur-Yon, Pays de la Loire, France"
"La Rochelle, Poitou-Charentes, France"
"La Romana, La Romana, Dominican Republic"
"La Trinidad, Benguet, Philippines"
"La Uniu00f3n, Valle del Cauca, Colombia"
"La Vega, La Vega, Dominican Republic"
"La Virginia, Risaralda, Colombia"
"Labason, Zamboanga del Norte, Philippines"
"Labo, Camarines Norte, Philippines"
"Lafayette, Indiana, United States"
"Lafayette, Louisiana, United States"
"Lages, Santa Catarina, Brazil"
"Lagonglong, Misamis Oriental, Philippines"
"Lagonoy, Camarines Sur, Philippines"
"Laguindingan, Misamis Oriental, Philippines"
"Lahan Sai, Buriram, Thailand"
"Lai Chau, Lai Chu00e2u, Vietnam"
"Lak Si, Bangkok, Thailand"
"Lake Charles, Louisiana, United States"
"Lake Worth, Florida, United States"
"Lakeland, Florida, United States"
"Lakewood, Colorado, United States"
"Lakewood, Washington, United States"
"Lakewood, Zamboanga del Sur, Philippines"
"Lal-lo, Cagayan, Philippines"
"Lala, Lanao del Norte, Philippines"
"Lam Plai Mat, Buriram, Thailand"
"Lambayong, Sultan Kudarat, Philippines"
"Lambeth, London (Greater), United Kingdom"
"Lambeth, London (Greater), United Kingdom, United Kingdom"
"Lambunao, Iloilo, Philippines"
"Lancaster, California, United States"
"Lancaster, Pennsylvania, United States"
"Lang Son, Lu1ea1ng Su01a1n, Vietnam"
"Lang Suan, Chumphon, Thailand"
"Langfang, Hebei, China"
"Lansing, Michigan, United States"
"Lantapan, Bukidnon, Philippines"
"Lanuza, Surigao del Sur, Philippines"
"Lanzhou, Gansu, China"
"Lao Cai, Lu00e0o Cai, Vietnam"
"Laoac, Pangasinan, Philippines"
"Laoag, Ilocos Norte, Philippines"
"Laoang, Northern Samar, Philippines"
"Laplae, Uttaradit, Thailand"
"Lapu-Lapu City, Cebu, Philippines"
"Laramie, Wyoming, United States"
"Laredo, Texas, United States"
"Larena, Siquijor, Philippines"
"Largo, Florida, United States"
"Las Cruces, New Mexico, United States"
"Las Piu00f1as, Manila, Philippines"
"Las Vegas, Nevada, United States"
"Las Vegas, Nevada, United States, Brazil"
"Las Vegas, Nevada, United States, Colombia"
"Las Vegas, Nevada, United States, Japan"
"Las Vegas, Nevada, United States, Mexico"
"Las Vegas, Nevada, United States, United States"
"Lasam, Cagayan, Philippines"
"Lat Krabang, Bangkok, Thailand"
"Lat Phrao, Bangkok, Thailand"
"Lat Yao, Nakhon Sawan, Thailand"
"Launceston, Tasmania, Australia"
"Laurel, Maryland, United States"
"Lauro de Freitas, Bahia, Brazil"
"Lavezares, Northern Samar, Philippines"
"Lawa-an, Eastern Samar, Philippines"
"Lawrence, Kansas, United States"
"Lawrence, Massachusetts, United States"
"Lawrenceville, Georgia, United States"
"Lawton, Oklahoma, United States"
"Lazi, Siquijor, Philippines"
"Le Chan, Hu1ea3i Phu00f2ng, Vietnam"
"Le Havre, Haute-Normandie, France"
"Le Mans, Pays de la Loire, France"
"League City, Texas, United States"
"Lebak, Sultan Kudarat, Philippines"
"Leeds, West Yorkshire, United Kingdom"
"Lees Summit, Missouri, United States"
"Leesburg, Virginia, United States"
"Leganes, Iloilo, Philippines"
"Legaspi, Albay, Philippines"
"Leicester, Leicestershire, United Kingdom"
"Leipzig, Saxony, Germany"
"Lemery, Batangas, Philippines"
"Leon, Iloilo, Philippines"
"Leshan, Sichuan, China"
"Lethbridge, Alberta, Canada"
"Leticia, Amazonas, Colombia"
"Leu00f3n, Guanajuato, Mexico"
"Leu00f3n, Guanajuato, Mexico, Mexico"
"Leverkusen, North Rhine-Westphalia, Germany"
"Levittown, New York, United States"
"Levittown, Pennsylvania, United States"
"Lewisham, London (Greater), United Kingdom"
"Lexington-Fayette, Kentucky, United States"
"Leyte, Leyte, Philippines"
"Lhasa, Xizang, China"
"Lian, Batangas, Philippines"
"Lianga, Surigao del Sur, Philippines"
"Lianyungang, Jiangsu, China"
"Liaocheng, Shandong, China"
"Liaoyang, Liaoning, China"
"Libagon, Southern Leyte, Philippines"
"Libertad, Antique, Philippines"
"Libmanan, Camarines Sur, Philippines"
"Libon, Albay, Philippines"
"Libona, Bukidnon, Philippines"
"Libungan, Cotabato, Philippines"
"Lien Chieu, u00d0u00e0 Nu1eb5ng, Vietnam"
"Ligao, Albay, Philippines"
"Liliw, Laguna, Philippines"
"Lille, Nord-Pas-de-Calais, France"
"Liloan, Cebu, Philippines"
"Liloan, Southern Leyte, Philippines"
"Liloy, Zamboanga del Norte, Philippines"
"Lima, Ohio, United States"
"Limay, Bataan, Philippines"
"Limeira, Su00e3o Paulo, Brazil"
"Limoges, Limousin, France"
"Linamon, Lanao del Norte, Philippines"
"Lincoln, Lincolnshire, United Kingdom"
"Lincoln, Nebraska, United States"
"Linden, New Jersey, United States"
"Lindenhurst, New York, United States"
"Linfen, Shanxi, China"
"Lingayen, Pangasinan, Philippines"
"Lingig, Surigao del Sur, Philippines"
"Linhai, Zhejiang, China"
"Linhares, Espu00edrito Santo, Brazil"
"Linyi, Shandong, China"
"Lipa, Batangas, Philippines"
"Lishui, Zhejiang, China"
"Little Rock, Arkansas, United States"
"Liuanlou, Anhui, China"
"Liupanshui, Guizhou, China"
"Liuzhou, Guangxi, China"
"Liverpool, Merseyside, United Kingdom"
"Livonia, Michigan, United States"
"Loay, Bohol, Philippines"
"Lobo, Batangas, Philippines"
"Loboc, Bohol, Philippines"
"Logan, Utah, United States"
"Lom Kao, Phetchabun, Thailand"
"Lom Sak, Phetchabun, Thailand"
"London, Ontario, Canada"
"Londrina, Parana, Brazil"
"Londrina, Parana, Brazil, Brazil"
"Long Beach, California, United States"
"Long Beach, New York, United States"
"Long Bien, Hu00e0 Nu1ed9i, Vietnam"
"Long Branch, New Jersey, United States"
"Long Dien, Bu00e0 Ru1ecba-Vu0169ng Tu00e0u, Vietnam"
"Long Ho, Vu0129nh Long, Vietnam"
"Long Khanh, u00d0u1ed3ng Nai, Vietnam"
"Long Thanh, u00d0u1ed3ng Nai, Vietnam"
"Long Xuyen, An Giang, Vietnam"
"Long, Phrae, Thailand"
"Longview, Texas, United States"
"Longyan, Fujian, China"
"Looc, Romblon, Philippines"
"Loon, Bohol, Philippines"
"Lopez Jaena, Misamis Occidental, Philippines"
"Lopez, Quezon, Philippines"
"Loreto, Agusan del Sur, Philippines"
"Lorica, Cu00f3rdoba, Colombia"
"Lorient, Bretagne, France"
"Los Alcarrizos, Distrito Nacional, Dominican Republic"
"Los Alcarrizos, Santo Domingo, Dominican Republic"
"Los Angeles, California, United States"
"Los Angeles, California, United States, Brazil"
"Los Angeles, California, United States, California, United States"
"Los Angeles, California, United States, China"
"Los Angeles, California, United States, Colombia"
"Los Angeles, California, United States, Dominican Republic"
"Los Angeles, California, United States, Japan"
"Los Angeles, California, United States, Mexico"
"Los Angeles, California, United States, United States"
"Los Bau00f1os, Laguna, Philippines"
"Los Cabos, Baja California Sur, Mexico"
"Los Mochis, Sinaloa, Mexico"
"Los Patios, Norte de Santander, Colombia"
"Los Reyes, Mu00e9xico, Mexico"
"Loudi, Hunan, China"
"Louisville, Kentucky, United States"
"Lowell, Massachusetts, United States"
"Lu00e1zaro Cu00e1rdenas, Michoacu00e1n, Mexico"
"Lu00edbano, Tolima, Colombia"
"Lu00fcbeck, Schleswig-Holstein, Germany"
"Lubao, Pampanga, Philippines"
"Lubbock, Texas, United States"
"Lucban, Quezon, Philippines"
"Lucena, Quezon, Philippines"
"Lucknow, Uttar Pradesh, India"
"Ludhiu0101na, Punjab, India"
"Ludwigshafen am Rhein, Rhineland-Palatinate, Germany"
"Lue Amnat, Amnat Charoen, Thailand"
"Lugait, Misamis Oriental, Philippines"
"Luisiana, Laguna, Philippines"
"Lumban, Laguna, Philippines"
"Luna, La Union, Philippines"
"Luohe, Henan, China"
"Luoyang, Henan, China"
"Lupao, Nueva Ecija, Philippines"
"Lupon, Davao Oriental, Philippines"
"Luquan, Hebei, China"
"Luton, Bedfordshire, United Kingdom"
"Luzhou, Sichuan, China"
"Luziu00e2nia, Goiu00e1s, Brazil"
"Lynchburg, Virginia, United States"
"Lynn, Massachusetts, United States"
"Lyon, Rhu00f4ne-Alpes, France"
"Lyon, Rhu00f4ne-Alpes, France, Japan"
"Ma-asin, Iloilo, Philippines"
"Maanshan, Anhui, China"
"Maasim, Sarangani, Philippines"
"Maasin, Leyte, Philippines"
"Maasin, Southern Leyte, Philippines"
"Mabalacat, Pampanga, Philippines"
"Mabinay, Negros Oriental, Philippines"
"Mabini, Batangas, Philippines"
"Mabini, Bohol, Philippines"
"Mabini, Compostela Valley, Philippines"
"Mabitac, Laguna, Philippines"
"Macabebe, Pampanga, Philippines"
"Macapu00e1, Amapu00e1, Brazil"
"MacArthur, Leyte, Philippines"
"Macau00e9, Rio de Janeiro, Brazil"
"Maceiu00f3, Alagoas, Brazil"
"Maceiu00f3, Alagoas, Brazil, Brazil"
"Mackay, Queensland, Australia"
"Maco, Compostela Valley, Philippines"
"Macon, Georgia, United States"
"Macrohon, Southern Leyte, Philippines"
"Maddela, Quirino, Philippines"
"Madison, Wisconsin, United States"
"Madrid, Cundinamarca, Colombia"
"Madrid, Surigao del Sur, Philippines"
"Madridejos, Cebu, Philippines"
"Madurai, Tamil Nadu, India"
"Mae Ai, Chiang Mai, Thailand"
"Mae Chan, Chiang Rai, Thailand"
"Mae Fa Luang, Chiang Rai, Thailand"
"Mae Hong Son, Mae Hong Son, Thailand"
"Mae Lao, Chiang Rai, Thailand"
"Mae Mo, Lampang, Thailand"
"Mae Rim, Chiang Mai, Thailand"
"Mae Sai, Chiang Rai, Thailand"
"Mae Sot, Tak, Thailand"
"Mae Suai, Chiang Rai, Thailand"
"Mae Taeng, Chiang Mai, Thailand"
"Mae Tha, Lampang, Thailand"
"Mae Wang, Chiang Mai, Thailand"
"Magalang, Pampanga, Philippines"
"Magallanes, Agusan del Norte, Philippines"
"Magallanes, Cavite, Philippines"
"Magallanes, Sorsogon, Philippines"
"Maganguu00e9, Bolu00edvar, Colombia"
"Magarao, Camarines Sur, Philippines"
"Magdalena, Laguna, Philippines"
"Magdeburg, Saxony-Anhalt, Germany"
"Magsaysay, Davao del Sur, Philippines"
"Magsaysay, Misamis Oriental, Philippines"
"Mahaplag, Leyte, Philippines"
"Mahayag, Zamboanga del Sur, Philippines"
"Mahinog, Camiguin, Philippines"
"Maicao, La Guajira, Colombia"
"Maidstone, Kent, United Kingdom"
"Maigo, Lanao del Norte, Philippines"
"Maimu00f3n, Monseu00f1or Nouel, Dominican Republic"
"Mainit, Surigao del Norte, Philippines"
"Mainz, Rhineland-Palatinate, Germany"
"Maitum, Sarangani, Philippines"
"Majayjay, Laguna, Philippines"
"Maju00e9, Rio de Janeiro, Brazil"
"Makati, Manila, Philippines"
"Makati, Manila, Philippines, United States"
"Makilala, Cotabato, Philippines"
"Malabon, Manila, Philippines"
"Malabuyoc, Cebu, Philippines"
"Malalag, Davao del Sur, Philippines"
"Malangas, Zamboanga Sibugay, Philippines"
"Malapatan, Sarangani, Philippines"
"Malappuram, Kerala, India"
"Malasiqui, Pangasinan, Philippines"
"Malay, Aklan, Philippines"
"Malaybalay, Bukidnon, Philippines"
"Malden, Massachusetts, United States"
"Malilipot, Albay, Philippines"
"Malimono, Surigao del Norte, Philippines"
"Malinao, Albay, Philippines"
"Malita, Davao del Sur, Philippines"
"Malitbog, Bukidnon, Philippines"
"Malitbog, Southern Leyte, Philippines"
"Malolos, Bulacan, Philippines"
"Malungon, Sarangani, Philippines"
"Malvar, Batangas, Philippines"
"Mambajao, Camiguin, Philippines"
"Mamburao, Mindoro Occidental, Philippines"
"Mambusao, Capiz, Philippines"
"Manaoag, Pangasinan, Philippines"
"Manapla, Negros Occidental, Philippines"
"Manassas, Virginia, United States"
"Manaus, Amazonas, Brazil"
"Manaus, Amazonas, Brazil, Brazil"
"Manay, Davao Oriental, Philippines"
"Mancha Khiri, Khon Kaen, Thailand"
"Manchester, Connecticut, United States"
"Manchester, Manchester, United Kingdom"
"Manchester, New Hampshire, United States"
"Mandaluyong, Manila, Philippines"
"Mandaue City, Cebu, Philippines"
"Mandurah, Western Australia, Australia"
"Mangaldan, Pangasinan, Philippines"
"Mangalore, Karnataka, India"
"Mangatarem, Pangasinan, Philippines"
"Manhattan Beach, California, United States"
"Manhattan, Kansas, United States"
"Manila, Manila, Philippines"
"Manila, Manila, Philippines, United States"
"Manizales, Caldas, Colombia"
"Manizales, Caldas, Colombia, Colombia"
"Manjuyod, Negros Oriental, Philippines"
"Mankato, Minnesota, United States"
"Mankayan, Benguet, Philippines"
"Mannheim, Baden-Wurttemberg, Germany"
"Manolo Fortich, Bukidnon, Philippines"
"Mansalay, Mindoro Oriental, Philippines"
"Manticao, Misamis Oriental, Philippines"
"Manukan, Zamboanga del Norte, Philippines"
"Manzanillo, Colima, Mexico"
"Mao, Valverde, Dominican Republic"
"Maoming, Guangdong, China"
"Mapandan, Pangasinan, Philippines"
"Marabu00e1, Paru00e1, Brazil"
"Marabut, Samar, Philippines"
"Maracanau00fa, Cearu00e1, Brazil"
"Maragondon, Cavite, Philippines"
"Maramag, Bukidnon, Philippines"
"Marawi, Lanao del Sur, Philippines"
"Margosatubig, Zamboanga del Sur, Philippines"
"Maria Aurora, Aurora, Philippines"
"Maria, Siquijor, Philippines"
"Maribojoc, Bohol, Philippines"
"Marietta, Georgia, United States"
"Marihatag, Surigao del Sur, Philippines"
"Marikina, Manila, Philippines"
"Marilao, Bulacan, Philippines"
"Maringu00e1, Parana, Brazil"
"Marinilla, Antioquia, Colombia"
"Mariquita, Tolima, Colombia"
"Mariveles, Bataan, Philippines"
"Marseille, Alpes-Cu00f4te dAzur, France"
"Martinsburg, West Virginia, United States"
"Maru00edlia, Su00e3o Paulo, Brazil"
"Masantol, Pampanga, Philippines"
"Masbate, Masbate, Philippines"
"Masinloc, Zambales, Philippines"
"Mataasnakahoy, Batangas, Philippines"
"Matagob, Leyte, Philippines"
"Matalam, Cotabato, Philippines"
"Matalom, Leyte, Philippines"
"Matamoros, Tamaulipas, Mexico"
"Matamoros, Tamaulipas, Mexico, Mexico"
"Matanao, Davao del Sur, Philippines"
"Mati, Davao Oriental, Philippines"
"Matnog, Sorsogon, Philippines"
"Mauban, Quezon, Philippines"
"Mauu00e1, Su00e3o Paulo, Brazil"
"Mawab, Compostela Valley, Philippines"
"Mayorga, Leyte, Philippines"
"Mazatlu00e1n, Sinaloa, Mexico"
"Mazatlu00e1n, Sinaloa, Mexico, Mexico"
"McAllen, Texas, United States"
"McKinney, Texas, United States"
"McLean, Virginia, United States"
"Meaux, u00cele-de-France, France"
"Medellin, Cebu, Philippines"
"Medellu00edn, Antioquia, Colombia"
"Medellu00edn, Antioquia, Colombia, Antioquia, Colombia"
"Medellu00edn, Antioquia, Colombia, Colombia"
"Medellu00edn, Antioquia, Colombia, Medellu00edn, Antioquia, Colombia"
"Medellu00edn, Antioquia, Colombia, United States"
"Medford, Oregon, United States"
"Medina, Misamis Oriental, Philippines"
"Meerut, Uttar Pradesh, India"
"Meishan, Sichuan, China"
"Meizhou, Guangdong, China"
"Melbourne, Florida, United States"
"Melbourne, Victoria, Australia"
"Melbourne, Victoria, Australia, Australia"
"Melbourne, Victoria, Australia, Brazil"
"Melbourne, Victoria, Australia, China"
"Melbourne, Victoria, Australia, Japan"
"Melbourne, Victoria, Australia, Victoria, Australia"
"Melgar, Tolima, Colombia"
"Memphis, Tennessee, United States"
"Mendez-Nuu00f1ez, Cavite, Philippines"
"Merced, California, United States"
"Mercedes, Camarines Norte, Philippines"
"Merida, Leyte, Philippines"
"Meriden, Connecticut, United States"
"Meridian, Mississippi, United States"
"Merrillville, Indiana, United States"
"Merton, London (Greater), United Kingdom"
"Mesa, Arizona, United States"
"Mesquita, Rio de Janeiro, Brazil"
"Mesquite, Texas, United States"
"Metairie, Louisiana, United States"
"Metepec, Mu00e9xico, Mexico"
"Metz, Lorraine, France"
"Meudon, u00cele-de-France, France"
"Mexicali, Baja California, Mexico"
"Mexicali, Baja California, Mexico, Baja California, Mexico"
"Mexicali, Baja California, Mexico, Mexico"
"Mexico, Federal District, Mexico"
"Mexico, Federal District, Mexico, Federal District, Mexico"
"Mexico, Federal District, Mexico, Mexico"
"Mexico, Federal District, Mexico, Mu00e9xico, Mexico"
"Mexico, Pampanga, Philippines"
"Meycauayan, Bulacan, Philippines"
"Miagao, Iloilo, Philippines"
"Miami Beach, Florida, United States"
"Miami Beach, Florida, United States, Colombia"
"Miami Gardens, Florida, United States"
"Miami, Florida, United States"
"Miami, Florida, United States, Brazil"
"Miami, Florida, United States, Colombia"
"Miami, Florida, United States, Dominican Republic"
"Miami, Florida, United States, Japan"
"Miami, Florida, United States, United States"
"Mianyang, Sichuan, China"
"Middletown, New York, United States"
"Midland, Texas, United States"
"Midsalip, Zamboanga del Sur, Philippines"
"Midsayap, Cotabato, Philippines"
"Milagros, Masbate, Philippines"
"Milaor, Camarines Sur, Philippines"
"Mililani Town, Hawaii, United States"
"Milton Keynes, Buckinghamshire, United Kingdom"
"Milwaukee, Wisconsin, United States"
"Min Buri, Bangkok, Thailand"
"Mina, Iloilo, Philippines"
"Minalin, Pampanga, Philippines"
"Minatitlu00e1n, Veracruz, Mexico"
"Minglanilla, Cebu, Philippines"
"Minneapolis, Minnesota, United States"
"Minot, North Dakota, United States"
"Miramar, Florida, United States"
"Mississauga, Ontario, Canada"
"Missoula, Montana, United States"
"Mlang, Cotabato, Philippines"
"Moalboal, Cebu, Philippines"
"Mobile, Alabama, United States"
"Moca, Espaillat, Dominican Republic"
"Mocoa, Putumayo, Colombia"
"Modesto, California, United States"
"Mogi das Cruzes, Su00e3o Paulo, Brazil"
"Mogi-Guau00e7u, Su00e3o Paulo, Brazil"
"Mogpog, Marinduque, Philippines"
"Molave, Zamboanga del Sur, Philippines"
"Moline, Illinois, United States"
"Moncada, Tarlac, Philippines"
"Monclova, Coahuila, Mexico"
"Moncton, New Brunswick, Canada"
"Mondragon, Northern Samar, Philippines"
"Monkayo, Compostela Valley, Philippines"
"Monroe, Louisiana, United States"
"Monroe, North Carolina, United States"
"Monte Plata, Monte Plata, Dominican Republic"
"Montelu00edbano, Cu00f3rdoba, Colombia"
"Monterey Park, California, United States"
"Monterey, California, United States"
"Monterrey, Nuevo Leu00f3n, Mexico"
"Monterrey, Nuevo Leu00f3n, Mexico, Mexico"
"Monterrey, Nuevo Leu00f3n, Mexico, Nuevo Leu00f3n, Mexico"
"Monteru00eda, Cu00f3rdoba, Colombia"
"Monteru00eda, Cu00f3rdoba, Colombia, Colombia"
"Montes Claros, Minas Gerais, Brazil"
"Montevista, Compostela Valley, Philippines"
"Montgomery, Alabama, United States"
"Montpellier, Languedoc-Roussillon, France"
"Montreal, Quebec, Canada"
"Montreal, Quebec, Canada, Canada"
"Montreal, Quebec, Canada, China"
"Montreal, Quebec, Canada, Colombia"
"Montreal, Quebec, Canada, Dominican Republic"
"Montreal, Quebec, Canada, Japan"
"Montu00e9limar, Rhu00f4ne-Alpes, France"
"Moorhead, Minnesota, United States"
"Morelia, Michoacu00e1n, Mexico"
"Morelia, Michoacu00e1n, Mexico, Mexico"
"Moreno Valley, California, United States"
"Morgantown, West Virginia, United States"
"Morong, Bataan, Philippines"
"Morong, Rizal, Philippines"
"Moru0101du0101bu0101d, Uttar Pradesh, India"
"Mosquera, Cundinamarca, Colombia"
"Mossoru00f3, Rio Grande do Norte, Brazil"
"Mount Pleasant, Michigan, United States"
"Mount Vernon, New York, United States"
"Mount Vernon, Washington, United States"
"Mountain View, California, United States"
"Mu00e9rida, Yucatu00e1n, Mexico"
"Mu00e9rida, Yucatu00e1n, Mexico, Mexico"
"Mu00e9rida, Yucatu00e1n, Mexico, Yucatu00e1n, Mexico"
"Mu00f6nchengladbach, North Rhine-Westphalia, Germany"
"Mu00fcnchen, Bavaria, Germany"
"Mu00fcnster, North Rhine-Westphalia, Germany"
"Muang Sam Sip, Ubon Ratchathani, Thailand"
"Mudanjiang, Heilongjiang, China"
"Mueang Amnat Charoen, Amnat Charoen, Thailand"
"Mueang Ang Thong, Ang Thong, Thailand"
"Mueang Buri Ram, Buriram, Thailand"
"Mueang Chachoengsao, Chachoengsao, Thailand"
"Mueang Chai Nat, Chai Nat, Thailand"
"Mueang Chaiyaphum, Chaiyaphum, Thailand"
"Mueang Chanthaburi, Chanthaburi, Thailand"
"Mueang Chiang Mai, Chiang Mai, Thailand"
"Mueang Chiang Rai, Chiang Rai, Thailand"
"Mueang Chon Buri, Chon Buri, Thailand"
"Mueang Chumphon, Chumphon, Thailand"
"Mueang Kalasin, Kalasin, Thailand"
"Mueang Kamphaeng Phet, Kamphaeng Phet, Thailand"
"Mueang Kanchanaburi, Kanchanaburi, Thailand"
"Mueang Khon Kaen, Khon Kaen, Thailand"
"Mueang Krabi, Krabi, Thailand"
"Mueang Lampang, Lampang, Thailand"
"Mueang Lamphun, Lamphun, Thailand"
"Mueang Loei, Loei, Thailand"
"Mueang Lop Buri, Lop Buri, Thailand"
"Mueang Maha Sarakham, Maha Sarakham, Thailand"
"Mueang Mukdahan, Mukdahan, Thailand"
"Mueang Nakhon Phanom, Nakhon Phanom, Thailand"
"Mueang Nakhon Ratchasima, Nakhon Ratchasima, Thailand"
"Mueang Nakhon Sawan, Nakhon Sawan, Thailand"
"Mueang Nan, Nan, Thailand"
"Mueang Nong Bua Lamphu, Nong Bua Lamphu, Thailand"
"Mueang Nong Khai, Nong Khai, Thailand"
"Mueang Pattani, Pattani, Thailand"
"Mueang Phangnga, Panga Province, Thailand"
"Mueang Phayao, Phayao, Thailand"
"Mueang Phetchabun, Phetchabun, Thailand"
"Mueang Phichit, Phichit, Thailand"
"Mueang Phitsanulok, Phitsanulok, Thailand"
"Mueang Phuket, Phuket, Thailand"
"Mueang Prachuap Khiri Khan, Prachuap Khiri Khan, Thailand"
"Mueang Ranong, Ranong, Thailand"
"Mueang Ratchaburi, Ratchaburi, Thailand"
"Mueang Rayong, Rayong, Thailand"
"Mueang Roi Et, Roi Et, Thailand"
"Mueang Samut Prakan, Samut Prakan, Thailand"
"Mueang Satun, Satun, Thailand"
"Mueang Si Sa Ket, Sisaket, Thailand"
"Mueang Songkhla, Songkhla, Thailand"
"Mueang Sukhothai, Sukhothai, Thailand"
"Mueang Surat Thani, Surat Thani, Thailand"
"Mueang Surin, Surin, Thailand"
"Mueang Tak, Tak, Thailand"
"Mueang Trang, Trang, Thailand"
"Mueang Trat, Trat, Thailand"
"Mueang Ubon Ratchathani, Ubon Ratchathani, Thailand"
"Mueang Udon Thani, Udon Thani, Thailand"
"Mueang Uthai Thani, Uthai Thani, Thailand"
"Mueang Uttaradit, Uttaradit, Thailand"
"Mulhouse, Alsace, France"
"Mumbai, Maharashtra, India"
"Mumbai, Maharashtra, India, India"
"Mumbai, Maharashtra, India, Maharashtra, India"
"Muncie, Indiana, United States"
"Muntinlupa, Manila, Philippines"
"Murcia, Negros Occidental, Philippines"
"Murfreesboro, Tennessee, United States"
"Murrieta, California, United States"
"Muskegon, Michigan, United States"
"Muskogee, Oklahoma, United States"
"Muu00f1oz, Nueva Ecija, Philippines"
"Muzaffarpur, Bihar, India"
"My Tho, Tiu1ec1n Giang, Vietnam"
"Myrtle Beach, South Carolina, United States"
"Mysore, Karnataka, India"
"Na Chueak, Maha Sarakham, Thailand"
"Na Duang, Loei, Thailand"
"Na Kae, Nakhon Phanom, Thailand"
"Na Klang, Nong Bua Lamphu, Thailand"
"Na Wa, Nakhon Phanom, Thailand"
"Na Wang, Nong Bua Lamphu, Thailand"
"Na Yai Am, Chanthaburi, Thailand"
"Naauan, Misamis Oriental, Philippines"
"Nabas, Aklan, Philippines"
"Nabua, Camarines Sur, Philippines"
"Nabunturan, Compostela Valley, Philippines"
"Naga, Camarines Sur, Philippines"
"Naga, Cebu, Philippines"
"Naga, Zamboanga Sibugay, Philippines"
"Nagcarlan, Laguna, Philippines"
"Nagoya, Aichi, Japan"
"Nagoya, Aichi, Japan, Japan"
"Nagua, Maru00eda Trinidad Su00e1nchez, Dominican Republic"
"Naguilian, La Union, Philippines"
"Naic, Cavite, Philippines"
"Nakhon Luang, Phra Nakhon Si Ayutthaya, Thailand"
"Nakhon Nayok, Nakhon Nayok, Thailand"
"Nakhon Pathom, Nakhon Pathom, Thailand"
"Nakhon Si Thammarat, Nakhon Si Thammarat, Thailand"
"Nakhon Thai, Phitsanulok, Thailand"
"Nam Dinh, Nam u00d0u1ecbnh, Vietnam"
"Nam Phong, Khon Kaen, Thailand"
"Nam Som, Udon Thani, Thailand"
"Nam Yuen, Ubon Ratchathani, Thailand"
"Nanaimo, British Columbia, Canada"
"Nanchang, Jiangxi, China"
"Nanchang, Jiangxi, China, China"
"Nanchong, Sichuan, China"
"Nanchuan, Beijing, China"
"Nancy, Lorraine, France"
"Nang Rong, Buriram, Thailand"
"Nanjing, Jiangsu, China"
"Nanjing, Jiangsu, China, China"
"Nanning, Guangxi, China"
"Nanning, Guangxi, China, China"
"Nantes, Pays de la Loire, France"
"Nantong, Jiangsu, China"
"Nanyang, Henan, China"
"Napa, California, United States"
"Naperville, Illinois, United States"
"Naples, Florida, United States"
"Narathiwat, Narathiwat, Thailand"
"Narbonne, Languedoc-Roussillon, France"
"Narra, Palawan, Philippines"
"Narvacan, Ilocos Sur, Philippines"
"Nashua, New Hampshire, United States"
"Nashville, Tennessee, United States"
"Nasipit, Agusan del Norte, Philippines"
"Nasugbu, Batangas, Philippines"
"Natal, Rio Grande do Norte, Brazil"
"Natal, Rio Grande do Norte, Brazil, Brazil"
"Natividad, Pangasinan, Philippines"
"Naucalpan de Juu00e1rez, Mu00e9xico, Mexico"
"Naucalpan de Juu00e1rez, Mu00e9xico, Mexico, Mexico"
"Naujan, Mindoro Oriental, Philippines"
"Naval, Biliran, Philippines"
"Navi Mumbai, Maharashtra, India"
"Navojoa, Sonora, Mexico"
"Navotas, Manila, Philippines"
"Neijiang, Sichuan, China"
"Neiva, Huila, Colombia"
"Neiva, Huila, Colombia, Colombia"
"New Bataan, Compostela Valley, Philippines"
"New Bedford, Massachusetts, United States"
"New Britain, Connecticut, United States"
"New Brunswick, New Jersey, United States"
"New Castle, Pennsylvania, United States"
"New Corella, Davao del Norte, Philippines"
"New Haven, Connecticut, United States"
"New London, Connecticut, United States"
"New Orleans, Louisiana, United States"
"New Rochelle, New York, United States"
"New Washington, Aklan, Philippines"
"New York, New York, United States"
"New York, New York, United States, Brazil"
"New York, New York, United States, China"
"New York, New York, United States, Colombia"
"New York, New York, United States, Dominican Republic"
"New York, New York, United States, Japan"
"New York, New York, United States, New York, United States"
"New York, New York, United States, United States"
"Newark, Delaware, United States"
"Newark, New Jersey, United States"
"Newark, New Jersey, United States, Dominican Republic"
"Newark, New Jersey, United States, United States"
"Newburgh, New York, United States"
"Newcastle-upon-Tyne, Tyne &amp; Wear, United Kingdom"
"Newcastle, New South Wales, Australia"
"Newham, London (Greater), United Kingdom"
"Newport Beach, California, United States"
"Newport News, Virginia, United States"
"Newport, Gwent, United Kingdom"
"Newport, Rhode Island, United States"
"Nezahualcu00f3yotl, Mu00e9xico, Mexico"
"Nezahualcu00f3yotl, Mu00e9xico, Mexico, Mexico"
"Ngo Quyen, Hu1ea3i Phu00f2ng, Vietnam"
"Ngu Hanh Son, u00d0u00e0 Nu1eb5ng, Vietnam"
"Nha Be, Hu1ed3 Chu00ed Minh, Vietnam"
"Nha Trang, Khu00e1nh Hu00f2a, Vietnam"
"Nhon Trach, u00d0u1ed3ng Nai, Vietnam"
"Nice, Alpes-Cu00f4te dAzur, France"
"Nicolu00e1s Romero, Mu00e9xico, Mexico"
"Nikhom Kham Soi, Mukdahan, Thailand"
"Nikhom Patthana, Rayong, Thailand"
"Nilu00f3polis, Rio de Janeiro, Brazil"
"Ningbo, Zhejiang, China"
"Ningbo, Zhejiang, China, China"
"Ningde, Fujian, China"
"Ninh Binh, Ninh Bu00ecnh, Vietnam"
"Ninh Hoa, Khu00e1nh Hu00f2a, Vietnam"
"Ninh Kieu, Cu1ea7n Thu01a1, Vietnam"
"Niteru00f3i, Rio de Janeiro, Brazil"
"Niteru00f3i, Rio de Janeiro, Brazil, Brazil"
"Noen Maprang, Phitsanulok, Thailand"
"Nogales, Sonora, Mexico"
